,제목,미리보기
0,유통가 세금톡톡 무자료거래 왜 하는 걸까,보통 전산에는 세금신고에 맞게 입력하고 수기장부에 진짜 거래를 기입하는 것이다 특별 세무조사과정에서 이런 이중장부들이 발각되기도 하며 최측근에 의해 이런 이중장부가 탈세제보로 국세청에 넘어가기도 한다
1,현장코로나 속 부가세 신고비대면 세정 정착 눈앞에 왔다,음식점을 운영하는 한 납세자는 수기로 신고서를 작성하며 일반과세자인 줄 알고 잘못 썼다가 다시 납세자 스스로 납부서를 스캔하거나 전자납부번호를 입력해 카드로 세금을 낼 수 있다 단 신용카드 08체크카드
2,대한상의 전자세금계산서 설명회,대한상의 관계자는 전자세금계산서 도입으로 온라인을 통한 조회관리 및 신고가 가능해 과거 수기로 작성되던 종이 세금계산서에 따른 송달보관신고 비용을 대폭 축소할 수 있다면서 이번 행사를 통해 우리
3,특별기고 전자세금계산서에 거는 기대김진호 한국세무사회 홍보이사,즉 사업자는 세금계산서 우편 송달 보관 등이 필요 없고 인터넷 등을 통해 수수 상황을 조회관리하고 신고할 수 있어 과거 수기로 작성되던 종이 세금계산서에 따른 송달보관신고 비용을 대폭 축소할 수 있고 또한
4,의정부시 코로나19 확산에 따른 비대면 세금 납부 안내,전자신고율은 꾸준히 상승하고 있으나 수기로 작성한 납부서를 통한 납부가 편리하게 세금을 납부할 수 있다 안병용 의정부시장은 전자고지와 자동납부를
5,렌탈계약 해지 따른 렌탈료 환불 수정세금계산서 발급,명의로 세금계산서를 발급하는 것으로 해당 증표가 전산 또는 수기에 의해 본점에 발급되었는지는 부가가치세를 신고납부하고  세금계산서 수수내역에 따라 거래의 실체 파악이 가능하고 부가세 등의 탈루나
6,의정부시지방소득세 전자신고로 거리두기 실천하세요,하지만 수기신고와 납부가 아직도 큰 비중을 차지하면서 납세자 불편은 물론 행정력이 낭비되고 있다 납부 신고도 가능하다 의정부시 관계자는 전자고지와 더불어 자동납부 신청을 하면 더욱 편리하게 세금을
7,전주 시내버스 보조금 철저히 관리하라,일부 항목이긴 하지만 보조금 집행 증빙자료로 제출된 세금계산서가 수기로 쓰여져 납세 신고가 제대로 되고 있는지 의심스럽고 버스회사와 업체간의 송금영수증 만으로 보조금이 처리되는 등 잘못된 관행이
8,AI 기업 리멤버 성공신화 쓴 김범섭 자비스앤빌런즈 대표 세금 환급 도와주는 삼쩜삼 회원수 100만명 돌파 눈 앞, 이용자들이 세금 신고에는 관심이 없고 본인이 얼마를 받는 지에만 관심을 갖다 보니 환급해주는 서비스 판단하고 신고할 때도 비용으로 빼줄지 등을 결정하는 역할을 합니다 데이터는 수기로 모으지만
9,인터뷰 개인사업자들의 세금신고 척척 알고리즘 SSEM을 만났다,개인사업자의 세금신고 돕는 세금계산기 입니다 부가가치세나 종합소득세 신고기간이면 개인사업자 특히 있다면 수기로 등록할 수 있습니다 마지막으로 경조사비나 기부금 정치후원금 등 추가할 수 있는 정보를
10,에서 으로 몰라서 억울하게 내는 세금 없앤다,감면된 세금을 추징당하는 사례가 상당히 줄어들 것으로 예상했다 또한 유예기간15년내 감면 받은 부동산 매매계약을 하고 과세관청에 신고하게 되면 과세물건으로 전환된 것이 시스템 팝업창에 자동적으로
11,전자세금계산서 제도 시행 따라잡기 제도분야,전자세금계산서로 신고해야 한다 물론 가산세 등 불이익은 없다  매출자인 법인사업자가 수기세금계산서를 발행해줬는데 매입자는 불이익이 없는지법인사업자는 매출세금계산서 교부시 전자세금계산서를
12,기고종이 세금계산서 역사 속으로,조회관리하고 신고할 수 있다 또한 세금계산서 합계표 제출이 면제되고 증빙서류의 5년 보관의무도 면제돼 세금계산서 보관 및 관리가 한층 수월해진다 과거 복잡하게 수기로 작성하던 종이 세금계산서에 따른
13,세금 탈루로 고소득의사변호사 딱 걸렸어,나가겠지만 세금을 제대로 내지 않는 의사 변호사 임대업자에 대해서는 세무조사를 더욱 강화하겠다고 밝혔다 또 성실신고확인대상 사업자의 종합소득세 신고가 끝나는대로 이들에 대한 탈세정보 수집과 분석 등을 통해
14,전자세금계산서 주아이퀘스트전자세금계산서 무제한 무료 발행 메리트,결산재무제표와 세금계산서 전자발행도 지원한다 입고 및 출고입금 및 출금 등 수기장부에 입력하는 전자신고 무료 등 다양한 혜택을 제공한다 아이퀘스트는 전자세금계산서 발행 전용 웹사이트인 매직빌www
15,단독 카지노 매출 직원도 몰라 짜맞춰 신고,전년도 기준으로 매출액을 정해놓고 짜맞추는 식으로 매출액을 신고한다는 게 업계의 공공연한 비밀입니다  제주도 내 한 카지노업체 직원 A씨는 이같이 말했다 그는 매출액 자동확인 시스템이 있지만 수기로
16,긴급점검전자세금계산서 어떤 제도?,전자세금계산서는 사업자가 수기가 아닌 전자적 방식에 의해 세금계산서를 발행교부하고 내역을 부가가치세 신고를 앞두고 세금계산서 교부현황을 인터넷을 통해 쉽게 확인할 수가 있기 때문이다 또한
17,법인 합병 신고 간소화하나외환은행 210억 절감,등록면허세 신고를 하고 세금을 납부한 뒤 영수증을 첨부해 등기접수를 해야 했다 이에 따라 금융기관이 이전에는 개별 신고와 수기 납부 등을 하는데 인건비와 교통비 등 210억원의 비용을 추가로 들여야 했다 그러나
18, 전자세금계산서제도 설명회 참석 잇따라,정관용 상의 정보화서비스팀장은전자세금계산서 도입으로 온라인을 통한 조회관리 및 신고가 가능해지고 과거 수기로 작성되던 종이 세금계산서에 따른 송달 및 보관 신고 비용을 대폭 줄일 수 있게 됐다며 이번
19,반포서 전자세금계산서 제도시행 세무대리인 간담회,다만 전자세금계산서 교부의무자법인로부터 수기세금계산서를 교부받았거나 전자세금계산서를 교부받은 이에앞서 반포세무서는 오는 26일까지 신고납부인 부가세 예정신고를 앞두고 유의사항 등을 당부했다
20,국민들 수신료로 운영되는데이혜성 KBS 아나운서 등 부당 연차수당 들통,이혜성은 징계 발표 후 휴가 신청 표에 수기 작성 후 ESS 시스템에 상신을 하여야 하는데 수기 작성만 하고 시스템 상신을 누락했다 누락한 금액은 약 70만 원 정도의 대체휴무 일수에 해당하는 금액이며 자체 신고
21,경리나라 웹케시 로지스랩과 화물 운송 경리업무 자동화 MOU,전 계좌 실시간 조회와 함께 자동 입력이 되지 않는 간이영수증 종이 세금계산서 청첩장 등 수기 관리 부가세 신고 준비 시재영업 보고서 등 소기업소상공인 경리업무에 반드시 요구되는 핵심 기능만 담아
22,웹케시 로지스랩 화물운송 경리 업무 자동화 나선다,전 계좌 실시간 조회 자동 입력이 되지 않는 간이영수증 종이 세금계산서 청첩장 등 수기 증빙자료들을 관리 부가세 신고 준비 시재 영업 보고서 등 소기업과 소상공인 경리 업무에 필요한 핵심 기능만 담아
23,포괄양도양수 시 후임약사의 사업자번호 적어야,그러나 수기로 세금계산서를 발행하지 않는 곳도 있다 세무서에 갈 때는 사업자등록증과 신분증을 들고 가야 한다 위의 경우와 같이 폐업할 때 포괄양도양수를 할 경우는 세무서의 폐업신고서 내용 중에 포괄양도
24,웹케시 로지스랩과 손잡고 화물운송 경리업무 자동화,전 계좌 실시간 조회 자동 입력이 되지 않는 간이영수증 종이 세금계산서 청첩장 등 수기 증빙자료들을 관리 부가세 신고 준비 시재 영업 보고서 등 핵심 기능만 담았다 직관적 사용자 환경UI으로 제공
25,한국 아시아부패지수 6위국세청 재벌 지배력 약화상속세 강화 긍정 평가,또 상속세 신고기한 내 사전안내를 지난해 최초실시하는 등 성실신고 지원체계를 강화했다 내부적으로는 공정투명세정을 운영방침 중 하나로 삼아 청렴콘서트청렴수기 공모전 등 청렴문화 조성을 위한
26,현장 통영세무서 세수 5년만에 9292억1485억으로 급감,삼성중공업의 한 협력사 관계자는 6일 협력사들은 단가 후려치기 때문에 세금성인 4대보험이 계속 특히 통영시 욕지도의 경우 종전에는 수기로 신고를 받았는데 올해 처음으로 인터넷을 연결 홈택스와
27,차관칼럼지방세 미래 서비스를 준비하다,아직도 우편으로 배달된 고지서를 들고 은행이나 시청구청에 가서 세금을 납부하고 세금신고가 복잡하고 수백만건의 수기고지서 처리 세무조사 복잡한 세무상담 등의 과중한 업무로 국민편의 서비스까지 챙기기는
28,한국경제 비화 명성 김철호 사건,그런데도 세무서에는 매년 결손으로 신고만 되풀이하였다 자본금 59억원 중에서 21억원을 잠식하여 당시 금호그룹 박인천 씨가 경영하던 광주고속 다음으로 거액의 세금을 납부했다 사업에 자신을 얻자 그는 1969년
29,개원의가 절대 놓쳐선 안 될 절세관리법은?,김 대표는 수기식 세금계산서보다는 사업자등록증을 활용한 전자세금계산서로 하는 것이 영수증을 모으지 않아도 자동적으로 국세청의 세금신고가 되기 때문에 누락되지 않는다면서 다만 수기식 세금계산서로
30,복지부동은 없어요 중구 열혈 공무원들,보관된 수기 과세대장을 며칠간 뒤진 끝에 사망자에게 세금을 부과한 행정 오류를 발견했다 현재는 전입신고를 직권 처리한 황학동주민센터 사례는 우수상을 받았다 서양호 중구청장은 민원제도 개선으로 구민이
31,제16차 최고위원회의 모두발언,보수야당의 주장대로라면 지난 10년 보수정권도 가짜 일자리를 만드는데 세금을 퍼부었다는 이야기와 다를  박광온 최고위원 우리 당 가짜뉴스 특위에서 가짜뉴스 신고센터를 운영하고 있는데 1차적으로 검토한 결과
32,충청브리핑 메르스 확진자 접촉 대전?충북 14명 초비상,설사 신고했지만 공항검역 통과 환자 스스로 택시 타고 병원으로 병원 격리병실 옮기고 당국 신고 미미 세금폭탄에 절세 상담도 빗발 뉴데일리 충청권 공조파탄?양지사 세종편들기에 지사 대응
33,지방소득세 위택스로 간편하게 납부하세요!,군 관계자는 지방소득세 특별징수분의 수기납부 건수는 지속적으로 줄어들고 있으나 여전히 전자신고납부는 저조한 편이라며 납세자들이 위택스를 통해 편리하게 세금을 납부할 수 있도록 홍보를 강화해
34,법인세 중간예납 이달 31일까지경영난 기업엔 9개월까지 연장,홈택스에서 전자신고를 마치면 별도로 수기 서류를 제출할 필요 없다 자연재해 기업 구조조정 자금난 납부 세액이 1000만원을 초과하면 납부 기한이 지난 날부터 1개월이 되는 날까지 세금을 나눠 낼 수도 있다
35,법인세 중간예납 이달 31일까지72만2천개 법인 대상,홈택스에서 전자신고를 마치면 별도로 수기 서류를 제출할 필요 없다 국세청은 신고대상 모든 법인에 납부 세액이 1천만원을 초과하면 납부 기한이 지난 날부터 1개월이 되는 날까지 세금을 나눠 낼 수도 있다
36,회계직원이 담당하는 기초자료 처리작업 온라인서 자동으로,전자세금계산서 계산서 법인카드 사용내역 현금영수증은 자비스가 수임동의 된 홈택스 데이터를 자동으로 수집해 신고에 반영합니다 자동 수집되지 않아 자비스 앱으로 촬영해 제출해야 하는 자료는 수기세금계산서
37,세무사들 인터넷 홈페이지 AI사무실 시대 연다,사무실도 수기장부가 사라진지 오래다 세무회계프로그램으로 기업고객들의 장부를 만들고 세금신고도 인터넷으로 하는 전자신고시대다 그러면서 1만3천 세무사들도 컴퓨터와 인터넷은 물론 고객들의 전자장부
38,서울시 사업자 지방세 온라인으로 납부한다,일일이 수기로 전산 입력해야 했다 영수증도 10년 간 보관해야 했고 납부 여부를 확인하기 위해서는 약 2주가 소요됐다 한편 지난해 서울시에 신고한 세금 365만1000건 중 비전자 방식으로 납부된 비율은 384로
39,웹케시 SERP경리나라 3천 고객 돌파중소기업서 인기,부가세를 신고 할때도 매출매입 입출내역 등 부가세 신고 자료를 자동으로 생성해 세무사에게 전송하는 20인 이하의 한 유통업체 경리담당자는 이전에는 엑셀과 수기로 법인카드 영수증 세금계산서를 하나하나
40,아침의 창 선거비용보전제도 취지 살려 리베이트 사라져야,선거 비용을 될 수 있으면 많이 보전을 받으려는 후보자와 국민의 세금으로 보전하는 만큼 선거비용 보전 외부에서는 성숙한 시민의식을 갖춘 국민들의 위반행위 신고제보를 통해 리베이트 수수행위를 적발하고 있다
41,영화조세통람 개정 세법 반영업무용승용차 관리서비스 블루캣 출시,이렇게 모인 운행기록은 국세청 표준양식인 업무용승용차 운행기록부로 출력되고 세금 신고 시에도 세무신고가 가능하다 이외에도 블루캣은 수기로 기록된 엑셀파일의 일괄 업로드 데이터 엑셀 내보내기
42,소득 노출 될라전자계약 꺼리는 부동산 중개사들,전자계약을 하면 계약서를 쓰면서 자동적으로 실거래신고가 이뤄지고 확정일자도 부여된다 전자계약은 공인중개사 유인책 부족세금 혜택 등 인센티브 필요 국토부는 전자계약을 활성화하기 위해
43,투데이 다시보자 연말정산 의료비 다시 확인하세요, 김선택 작년까지는 일부 회사에서는 수기로 공제신고서를 회사에 제출했습니다 그런데 올해는 그것을 1년에 내가 번 소득 중에서 국가가 세금을 얼만큼 가져가는지 확정되는 절차이기 때문에 그리고 세금에 대한
44,꿈밤그의 방황은 끝나지 않았다명문대 출신 개그맨의 인생 실패기,그런데 개그맨이 된 후 몇 년 전에 그 언론사에서 인터뷰도 하고 개그맨 체험 수기까지 썼어요 사람 그런데 MBC 개그맨실에 들어오고서는 세금 떼고 50만원도 안되는 돈을 받고 있죠 100 과장 없는 실화였죠 저로서는
45,최초 인터뷰 전두환이순자 30년 침묵을 깨다!,그때 우리 변호사가 잘못한 게 500만 원 미만은 신고를 안 해도 되는데 그새 이자 29만 원을 적은 거죠 그래서 이번에 추징할 때 거기서 세금 빼고 추징해달라고 했어요 고액 체납자 전두환하여튼 망신스러운 건
46,조선해운 구조조정 눈치보다 때 놓쳐선 안된다,독일영국처럼 신고만으로 주식을 취득하게 하 고 대신 건전성 감독을 통해 규제하는 방식으로 전환이 상용SW 100 분리발주 무상유지보 수기간 폐지 유지보수 수의계약 등도 고려해 볼 수 있다 2 대형마트 규제
47,장애인 기업 제품 구매 1 의무화 등 주간뉴스,단속 대상은 지자체에 안마시술소 안마원으로 신고하지 않고 영업을 하는 불법 마사지업소와 해당 업소의 옥외광고물입니다 잘 아시는 것처럼 현행 의료법상 안마나 마사지 지압 등 각종 수기자극요법 등은
48,대통령 지지율 최저 청와대는 정면돌파, 세금폭탄 논란에다 전산오류까지 겹치면서 연말정산에 대한 국민들의 불신이 더욱 커지고 있습니다 신규 가맹점이 신고한 주소나 상호명을 보고 일일이 수기로 처리하는데 이 과정에서 착오가 생겼습니다
49,납세제도 개선하니 230억원 절감 신기하네,행정자치부는 다음달부터 금융기관간 합병시 등록면허세를 전산으로 일괄 신고하고 세금 납부도 개별신고 및 수기납부를 하는데 필요한 내부절차비용만도 210억원에 달할 것으로 예상됐다 여기에 각 지자체에서
50,납세증명서 온라인 발급 서울 7월부터 행정 개선,신고에서 전자신고로 바뀐다 종전에는 20쪽에 달하는 서면 신고서를 자치구를 통해 법인에 우송하고 수기작 세무신고 절차가 이뤄진다 또 오는 8월부터 세금 전자납부 시민고객에게는 500원의 금액이 포인트로
51,중소기업에 꼭 맞는 ERP 솔루션 IBK sERP,여기에 거래명세서와 세금계산서 등 매달 발행하는 수십 건의 거래내역 증빙서류를 모두 수기로 처리해왔다 담당자 몸이 두 개라도 모자랄 정도였다 반복 업무가 태반이다 보니 효율성도 떨어지고 부가세 신고시
52,서초구 주민세 납부 절차 간소화,사업장 면적에 변동이 없는 사업주는 별도의 신고절차 없이 납부고지서를 받은 후 세금만 납부하면 되고 사업장 면적에 변동이 있는 사업주는 이전과 동일하게 신고납부하면 된다 납부방식도 다양해져 기존의 수기영수
53,인기몰이 타이발사마지화장품업으로 등록한 속사정?, 퇴폐업소도 아니고 세금도 내는데 이제는 인정해달라 마사지 관련 업체들은 국내에 다양한 마사지 편이라 신고가 들어오면 단속을 나가고 있다면서도 단속팀이 따로 꾸려진 것도 아니기 때문에 다른 업무와
54,수임고객관리시스템 활용 업무관행 개선해야,성실신고확인제가 도입됨에 따라 납세자가 성실하게 세금을 납부할 수 있도록 유도해야 한다며 불성실 등 수기수납에 대한 조정기능 수업체여부 및 관련사항미수액출금정보 등을 파악할 수 있는 정보 제공 등을
55,지방세 세무조사 인터넷으로 척척기발한 제안,또 법인 회계담당 직원은 대부분은 인터넷 세대로 서면 신고서를 수기로 작성해 우편방문으로 제출하는데 똑같은 세금 혜택을 누리고 있는 상황에 대해 안타까웠다고 토로했다 그래서 그는 뉴타운재개발사업의
56,DT브랜드파워대상 아이퀘스트 얼마에요 X2,결산세무신고 중심 회계와 달리 기업활동에 꼭 필요한 기능과 보고서를 통해 회사현황을 실시간으로 마치 수기장부를 펼쳐놓은 것처럼 화면을 구성 기업활동 전반을 파악할 수 있다 이 제품은 회계 자산 예산
57,전자세금계산서 업계 기업 대상 교육 열풍,전자세금계산서 발행이 의무화되면 단순히 업무 내용이 바뀔 뿐 아니라 수기 발행시 가산세가 수정세금계산서 발행 매출액 신고 일자 등 변경 사항에 대해 교육을 받거나 발행 연습을 해보아야 한다 특히
58,2009 하반기 히트상품 아이퀘스트 얼마에요,전자신고 일괄대량 발송 기능 회계장부와 연동 등을 꼽을 수 있다 특히 담당직원의 이직으로 이메일의 수시 변경의 불편함과 전자세금계산서 송수신의 불안정성을 최대한 해소하기 위해 전용 이메일 시스템을
59,허장욱 청장 지방 세제지원에 최선,받고 세금계산서 발행을 요청하면 보험회사가 이를 거부함에 따라 부가세신고 등에 어려움을 겪는 현실 전자세금계산서 발행이 단계적으로 시행되면서 대부분 영세 가족기업형태로 운영되는 수기로 작성하고 있는
60,국세청 49년 세종시 역사가 시작된다 국세청장 관용차번호 왜 700 이었을까,국세청 업무가 수기에서 전산으로 바뀌는 획기적인 순간이었다 이것은 무엇에 쓰는 물건인고? 수입신고서 세금명 기록이 순조롭게 진행됐다고 평가받았다 조세일보  저작권자  조세일보httpwww
61,국세청 49년 세종시 역사가 시작된다 국세청장 관용차번호 왜 700 이었을까,국세청 업무가 수기에서 전산으로 바뀌는 획기적인 순간이었다 이것은 무엇에 쓰는 물건인고? 수입신고서 세금명 기록이 순조롭게 진행됐다고 평가받았다 조세일보  저작권자  조세일보httpwww
62,국세청 49년 세종시 역사가 시작된다 국세청장 관용차번호 왜 700 이었을까,국세청 업무가 수기에서 전산으로 바뀌는 획기적인 순간이었다 이것은 무엇에 쓰는 물건인고? 수입신고서 세금명 기록이 순조롭게 진행됐다고 평가받았다 조세일보  저작권자  조세일보httpwww
63,국세청 49년 세종시 역사가 시작된다 국세청장 관용차번호 왜 700 이었을까,국세청 업무가 수기에서 전산으로 바뀌는 획기적인 순간이었다 이것은 무엇에 쓰는 물건인고? 수입신고서 세금명 기록이 순조롭게 진행됐다고 평가받았다 조세일보  저작권자  조세일보httpwww
64,국세청 49년 세종시 역사가 시작된다 국세청장 관용차번호 왜 700 이었을까,국세청 업무가 수기에서 전산으로 바뀌는 획기적인 순간이었다 이것은 무엇에 쓰는 물건인고? 수입신고서 세금명 기록이 순조롭게 진행됐다고 평가받았다 조세일보  저작권자  조세일보httpwww
65,국세청 49년 세종시 역사가 시작된다 국세청장 관용차번호 왜 700 이었을까,국세청 업무가 수기에서 전산으로 바뀌는 획기적인 순간이었다 이것은 무엇에 쓰는 물건인고? 수입신고서 세금명 기록이 순조롭게 진행됐다고 평가받았다 조세일보  저작권자  조세일보httpwww
66,국세청 49년 세종시 역사가 시작된다 국세청장 관용차번호 왜 700 이었을까,국세청 업무가 수기에서 전산으로 바뀌는 획기적인 순간이었다 이것은 무엇에 쓰는 물건인고? 수입신고서 세금명 기록이 순조롭게 진행됐다고 평가받았다 조세일보  저작권자  조세일보httpwww
67,국세청 49년 세종시 역사가 시작된다 국세청장 관용차번호 왜 700 이었을까,국세청 업무가 수기에서 전산으로 바뀌는 획기적인 순간이었다 이것은 무엇에 쓰는 물건인고? 수입신고서 세금명 기록이 순조롭게 진행됐다고 평가받았다 조세일보  저작권자  조세일보httpwww
68,국세청 49년 세종시 역사가 시작된다 국세청장 관용차번호 왜 700 이었을까,국세청 업무가 수기에서 전산으로 바뀌는 획기적인 순간이었다 이것은 무엇에 쓰는 물건인고? 수입신고서 세금명 기록이 순조롭게 진행됐다고 평가받았다 조세일보  저작권자  조세일보httpwww
69,국세청 49년 세종시 역사가 시작된다 국세청장 관용차번호 왜 700 이었을까,국세청 업무가 수기에서 전산으로 바뀌는 획기적인 순간이었다 이것은 무엇에 쓰는 물건인고? 수입신고서 세금명 기록이 순조롭게 진행됐다고 평가받았다 조세일보  저작권자  조세일보httpwww
70,국세청 49년 세종시 역사가 시작된다 국세청장 관용차번호 왜 700 이었을까,국세청 업무가 수기에서 전산으로 바뀌는 획기적인 순간이었다 이것은 무엇에 쓰는 물건인고? 수입신고서 세금명 기록이 순조롭게 진행됐다고 평가받았다 조세일보  저작권자  조세일보httpwww
71,국세청 49년 세종시 역사가 시작된다 국세청장 관용차번호 왜 700 이었을까,국세청 업무가 수기에서 전산으로 바뀌는 획기적인 순간이었다 이것은 무엇에 쓰는 물건인고? 수입신고서 세금명 기록이 순조롭게 진행됐다고 평가받았다 조세일보  저작권자  조세일보httpwww
72,국세청 49년 세종시 역사가 시작된다 국세청장 관용차번호 왜 700 이었을까,국세청 업무가 수기에서 전산으로 바뀌는 획기적인 순간이었다 이것은 무엇에 쓰는 물건인고? 수입신고서 세금명 기록이 순조롭게 진행됐다고 평가받았다 조세일보  저작권자  조세일보httpwww
73,국세청 49년 세종시 역사가 시작된다 국세청장 관용차번호 왜 700 이었을까,국세청 업무가 수기에서 전산으로 바뀌는 획기적인 순간이었다 이것은 무엇에 쓰는 물건인고? 수입신고서 세금명 기록이 순조롭게 진행됐다고 평가받았다 조세일보  저작권자  조세일보httpwww
74,국세청 49년 세종시 역사가 시작된다 국세청장 관용차번호 왜 700 이었을까,국세청 업무가 수기에서 전산으로 바뀌는 획기적인 순간이었다 이것은 무엇에 쓰는 물건인고? 수입신고서 세금명 기록이 순조롭게 진행됐다고 평가받았다 조세일보  저작권자  조세일보httpwww
75,국세청 49년 세종시 역사가 시작된다 국세청장 관용차번호 왜 700 이었을까,국세청 업무가 수기에서 전산으로 바뀌는 획기적인 순간이었다 이것은 무엇에 쓰는 물건인고? 수입신고서 세금명 기록이 순조롭게 진행됐다고 평가받았다 조세일보  저작권자  조세일보httpwww
76,국세청 49년 세종시 역사가 시작된다 국세청장 관용차번호 왜 700 이었을까,국세청 업무가 수기에서 전산으로 바뀌는 획기적인 순간이었다 이것은 무엇에 쓰는 물건인고? 수입신고서 세금명 기록이 순조롭게 진행됐다고 평가받았다 조세일보  저작권자  조세일보httpwww
77,국세청 49년 세종시 역사가 시작된다 국세청장 관용차번호 왜 700 이었을까,국세청 업무가 수기에서 전산으로 바뀌는 획기적인 순간이었다 이것은 무엇에 쓰는 물건인고? 수입신고서 세금명 기록이 순조롭게 진행됐다고 평가받았다 조세일보  저작권자  조세일보httpwww
78,국세청 49년 세종시 역사가 시작된다 국세청장 관용차번호 왜 700 이었을까,국세청 업무가 수기에서 전산으로 바뀌는 획기적인 순간이었다 이것은 무엇에 쓰는 물건인고? 수입신고서 세금명 기록이 순조롭게 진행됐다고 평가받았다 조세일보  저작권자  조세일보httpwww
79,국세청 49년 세종시 역사가 시작된다 국세청장 관용차번호 왜 700 이었을까,국세청 업무가 수기에서 전산으로 바뀌는 획기적인 순간이었다 이것은 무엇에 쓰는 물건인고? 수입신고서 세금명 기록이 순조롭게 진행됐다고 평가받았다 조세일보  저작권자  조세일보httpwww
80,국세청 49년 세종시 역사가 시작된다 국세청장 관용차번호 왜 700 이었을까,국세청 업무가 수기에서 전산으로 바뀌는 획기적인 순간이었다 이것은 무엇에 쓰는 물건인고? 수입신고서 세금명 기록이 순조롭게 진행됐다고 평가받았다 조세일보  저작권자  조세일보httpwww
81,국세청 49년 세종시 역사가 시작된다 국세청장 관용차번호 왜 700 이었을까,국세청 업무가 수기에서 전산으로 바뀌는 획기적인 순간이었다 이것은 무엇에 쓰는 물건인고? 수입신고서 세금명 기록이 순조롭게 진행됐다고 평가받았다 조세일보  저작권자  조세일보httpwww
82,국세청 49년 세종시 역사가 시작된다 국세청장 관용차번호 왜 700 이었을까,국세청 업무가 수기에서 전산으로 바뀌는 획기적인 순간이었다 이것은 무엇에 쓰는 물건인고? 수입신고서 세금명 기록이 순조롭게 진행됐다고 평가받았다 조세일보  저작권자  조세일보httpwww
83,국세청 49년 세종시 역사가 시작된다 국세청장 관용차번호 왜 700 이었을까,국세청 업무가 수기에서 전산으로 바뀌는 획기적인 순간이었다 이것은 무엇에 쓰는 물건인고? 수입신고서 세금명 기록이 순조롭게 진행됐다고 평가받았다 조세일보  저작권자  조세일보httpwww
84,국세청 49년 세종시 역사가 시작된다 국세청장 관용차번호 왜 700 이었을까,국세청 업무가 수기에서 전산으로 바뀌는 획기적인 순간이었다 이것은 무엇에 쓰는 물건인고? 수입신고서 세금명 기록이 순조롭게 진행됐다고 평가받았다 조세일보  저작권자  조세일보httpwww
85,국세청 49년 세종시 역사가 시작된다 국세청장 관용차번호 왜 700 이었을까,국세청 업무가 수기에서 전산으로 바뀌는 획기적인 순간이었다 이것은 무엇에 쓰는 물건인고? 수입신고서 세금명 기록이 순조롭게 진행됐다고 평가받았다 조세일보  저작권자  조세일보httpwww
86,국세청 49년 세종시 역사가 시작된다 국세청장 관용차번호 왜 700 이었을까,국세청 업무가 수기에서 전산으로 바뀌는 획기적인 순간이었다 이것은 무엇에 쓰는 물건인고? 수입신고서 세금명 기록이 순조롭게 진행됐다고 평가받았다 조세일보  저작권자  조세일보httpwww
87,국세청 49년 세종시 역사가 시작된다 국세청장 관용차번호 왜 700 이었을까,국세청 업무가 수기에서 전산으로 바뀌는 획기적인 순간이었다 이것은 무엇에 쓰는 물건인고? 수입신고서 세금명 기록이 순조롭게 진행됐다고 평가받았다 조세일보  저작권자  조세일보httpwww
88,국세청 49년 세종시 역사가 시작된다 국세청장 관용차번호 왜 700 이었을까,국세청 업무가 수기에서 전산으로 바뀌는 획기적인 순간이었다 이것은 무엇에 쓰는 물건인고? 수입신고서 세금명 기록이 순조롭게 진행됐다고 평가받았다 조세일보  저작권자  조세일보httpwww
89,국세청 49년 세종시 역사가 시작된다 국세청장 관용차번호 왜 700 이었을까,국세청 업무가 수기에서 전산으로 바뀌는 획기적인 순간이었다 이것은 무엇에 쓰는 물건인고? 수입신고서 세금명 기록이 순조롭게 진행됐다고 평가받았다 조세일보  저작권자  조세일보httpwww
90,국세청 49년 세종시 역사가 시작된다 국세청장 관용차번호 왜 700 이었을까,국세청 업무가 수기에서 전산으로 바뀌는 획기적인 순간이었다 이것은 무엇에 쓰는 물건인고? 수입신고서 세금명 기록이 순조롭게 진행됐다고 평가받았다 조세일보  저작권자  조세일보httpwww
91,국세청 49년 세종시 역사가 시작된다 국세청장 관용차번호 왜 700 이었을까,국세청 업무가 수기에서 전산으로 바뀌는 획기적인 순간이었다 이것은 무엇에 쓰는 물건인고? 수입신고서 세금명 기록이 순조롭게 진행됐다고 평가받았다 조세일보  저작권자  조세일보httpwww
92,국세청 49년 세종시 역사가 시작된다 국세청장 관용차번호 왜 700 이었을까,국세청 업무가 수기에서 전산으로 바뀌는 획기적인 순간이었다 이것은 무엇에 쓰는 물건인고? 수입신고서 세금명 기록이 순조롭게 진행됐다고 평가받았다 조세일보  저작권자  조세일보httpwww
93,국세청 49년 세종시 역사가 시작된다 국세청장 관용차번호 왜 700 이었을까,국세청 업무가 수기에서 전산으로 바뀌는 획기적인 순간이었다 이것은 무엇에 쓰는 물건인고? 수입신고서 세금명 기록이 순조롭게 진행됐다고 평가받았다 조세일보  저작권자  조세일보httpwww
94,국세청 49년 세종시 역사가 시작된다 국세청장 관용차번호 왜 700 이었을까,국세청 업무가 수기에서 전산으로 바뀌는 획기적인 순간이었다 이것은 무엇에 쓰는 물건인고? 수입신고서 세금명 기록이 순조롭게 진행됐다고 평가받았다 조세일보  저작권자  조세일보httpwww
95,국세청 49년 세종시 역사가 시작된다 국세청장 관용차번호 왜 700 이었을까,국세청 업무가 수기에서 전산으로 바뀌는 획기적인 순간이었다 이것은 무엇에 쓰는 물건인고? 수입신고서 세금명 기록이 순조롭게 진행됐다고 평가받았다 조세일보  저작권자  조세일보httpwww
96,국세청 49년 세종시 역사가 시작된다 국세청장 관용차번호 왜 700 이었을까,국세청 업무가 수기에서 전산으로 바뀌는 획기적인 순간이었다 이것은 무엇에 쓰는 물건인고? 수입신고서 세금명 기록이 순조롭게 진행됐다고 평가받았다 조세일보  저작권자  조세일보httpwww
97,국세청 49년 세종시 역사가 시작된다 국세청장 관용차번호 왜 700 이었을까,국세청 업무가 수기에서 전산으로 바뀌는 획기적인 순간이었다 이것은 무엇에 쓰는 물건인고? 수입신고서 세금명 기록이 순조롭게 진행됐다고 평가받았다 조세일보  저작권자  조세일보httpwww
98,국세청 49년 세종시 역사가 시작된다 국세청장 관용차번호 왜 700 이었을까,국세청 업무가 수기에서 전산으로 바뀌는 획기적인 순간이었다 이것은 무엇에 쓰는 물건인고? 수입신고서 세금명 기록이 순조롭게 진행됐다고 평가받았다 조세일보  저작권자  조세일보httpwww
99,국세청 49년 세종시 역사가 시작된다 국세청장 관용차번호 왜 700 이었을까,국세청 업무가 수기에서 전산으로 바뀌는 획기적인 순간이었다 이것은 무엇에 쓰는 물건인고? 수입신고서 세금명 기록이 순조롭게 진행됐다고 평가받았다 조세일보  저작권자  조세일보httpwww
100,국세청 49년 세종시 역사가 시작된다 국세청장 관용차번호 왜 700 이었을까,국세청 업무가 수기에서 전산으로 바뀌는 획기적인 순간이었다 이것은 무엇에 쓰는 물건인고? 수입신고서 세금명 기록이 순조롭게 진행됐다고 평가받았다 조세일보  저작권자  조세일보httpwww
101,국세청 49년 세종시 역사가 시작된다 국세청장 관용차번호 왜 700 이었을까,국세청 업무가 수기에서 전산으로 바뀌는 획기적인 순간이었다 이것은 무엇에 쓰는 물건인고? 수입신고서 세금명 기록이 순조롭게 진행됐다고 평가받았다 조세일보  저작권자  조세일보httpwww
102,국세청 49년 세종시 역사가 시작된다 국세청장 관용차번호 왜 700 이었을까,국세청 업무가 수기에서 전산으로 바뀌는 획기적인 순간이었다 이것은 무엇에 쓰는 물건인고? 수입신고서 세금명 기록이 순조롭게 진행됐다고 평가받았다 조세일보  저작권자  조세일보httpwww
103,국세청 49년 세종시 역사가 시작된다 국세청장 관용차번호 왜 700 이었을까,국세청 업무가 수기에서 전산으로 바뀌는 획기적인 순간이었다 이것은 무엇에 쓰는 물건인고? 수입신고서 세금명 기록이 순조롭게 진행됐다고 평가받았다 조세일보  저작권자  조세일보httpwww
104,국세청 49년 세종시 역사가 시작된다 국세청장 관용차번호 왜 700 이었을까,국세청 업무가 수기에서 전산으로 바뀌는 획기적인 순간이었다 이것은 무엇에 쓰는 물건인고? 수입신고서 세금명 기록이 순조롭게 진행됐다고 평가받았다 조세일보  저작권자  조세일보httpwww
105,국세청 49년 세종시 역사가 시작된다 국세청장 관용차번호 왜 700 이었을까,국세청 업무가 수기에서 전산으로 바뀌는 획기적인 순간이었다 이것은 무엇에 쓰는 물건인고? 수입신고서 세금명 기록이 순조롭게 진행됐다고 평가받았다 조세일보  저작권자  조세일보httpwww
106,국세청 49년 세종시 역사가 시작된다 국세청장 관용차번호 왜 700 이었을까,국세청 업무가 수기에서 전산으로 바뀌는 획기적인 순간이었다 이것은 무엇에 쓰는 물건인고? 수입신고서 세금명 기록이 순조롭게 진행됐다고 평가받았다 조세일보  저작권자  조세일보httpwww
107,국세청 49년 세종시 역사가 시작된다 국세청장 관용차번호 왜 700 이었을까,국세청 업무가 수기에서 전산으로 바뀌는 획기적인 순간이었다 이것은 무엇에 쓰는 물건인고? 수입신고서 세금명 기록이 순조롭게 진행됐다고 평가받았다 조세일보  저작권자  조세일보httpwww
108,국세청 49년 세종시 역사가 시작된다 국세청장 관용차번호 왜 700 이었을까,국세청 업무가 수기에서 전산으로 바뀌는 획기적인 순간이었다 이것은 무엇에 쓰는 물건인고? 수입신고서 세금명 기록이 순조롭게 진행됐다고 평가받았다 조세일보  저작권자  조세일보httpwww
109,국세청 49년 세종시 역사가 시작된다 국세청장 관용차번호 왜 700 이었을까,국세청 업무가 수기에서 전산으로 바뀌는 획기적인 순간이었다 이것은 무엇에 쓰는 물건인고? 수입신고서 세금명 기록이 순조롭게 진행됐다고 평가받았다 조세일보  저작권자  조세일보httpwww
110,국세청 49년 세종시 역사가 시작된다 국세청장 관용차번호 왜 700 이었을까,국세청 업무가 수기에서 전산으로 바뀌는 획기적인 순간이었다 이것은 무엇에 쓰는 물건인고? 수입신고서 세금명 기록이 순조롭게 진행됐다고 평가받았다 조세일보  저작권자  조세일보httpwww
111,국세청 49년 세종시 역사가 시작된다 국세청장 관용차번호 왜 700 이었을까,국세청 업무가 수기에서 전산으로 바뀌는 획기적인 순간이었다 이것은 무엇에 쓰는 물건인고? 수입신고서 세금명 기록이 순조롭게 진행됐다고 평가받았다 조세일보  저작권자  조세일보httpwww
112,국세청 49년 세종시 역사가 시작된다 국세청장 관용차번호 왜 700 이었을까,국세청 업무가 수기에서 전산으로 바뀌는 획기적인 순간이었다 이것은 무엇에 쓰는 물건인고? 수입신고서 세금명 기록이 순조롭게 진행됐다고 평가받았다 조세일보  저작권자  조세일보httpwww
113,국세청 49년 세종시 역사가 시작된다 국세청장 관용차번호 왜 700 이었을까,국세청 업무가 수기에서 전산으로 바뀌는 획기적인 순간이었다 이것은 무엇에 쓰는 물건인고? 수입신고서 세금명 기록이 순조롭게 진행됐다고 평가받았다 조세일보  저작권자  조세일보httpwww
114,국세청 49년 세종시 역사가 시작된다 국세청장 관용차번호 왜 700 이었을까,국세청 업무가 수기에서 전산으로 바뀌는 획기적인 순간이었다 이것은 무엇에 쓰는 물건인고? 수입신고서 세금명 기록이 순조롭게 진행됐다고 평가받았다 조세일보  저작권자  조세일보httpwww
115,국세청 49년 세종시 역사가 시작된다 국세청장 관용차번호 왜 700 이었을까,국세청 업무가 수기에서 전산으로 바뀌는 획기적인 순간이었다 이것은 무엇에 쓰는 물건인고? 수입신고서 세금명 기록이 순조롭게 진행됐다고 평가받았다 조세일보  저작권자  조세일보httpwww
116,국세청 49년 세종시 역사가 시작된다 국세청장 관용차번호 왜 700 이었을까,국세청 업무가 수기에서 전산으로 바뀌는 획기적인 순간이었다 이것은 무엇에 쓰는 물건인고? 수입신고서 세금명 기록이 순조롭게 진행됐다고 평가받았다 조세일보  저작권자  조세일보httpwww
117,국세청 49년 세종시 역사가 시작된다 국세청장 관용차번호 왜 700 이었을까,국세청 업무가 수기에서 전산으로 바뀌는 획기적인 순간이었다 이것은 무엇에 쓰는 물건인고? 수입신고서 세금명 기록이 순조롭게 진행됐다고 평가받았다 조세일보  저작권자  조세일보httpwww
118,국세청 49년 세종시 역사가 시작된다 국세청장 관용차번호 왜 700 이었을까,국세청 업무가 수기에서 전산으로 바뀌는 획기적인 순간이었다 이것은 무엇에 쓰는 물건인고? 수입신고서 세금명 기록이 순조롭게 진행됐다고 평가받았다 조세일보  저작권자  조세일보httpwww
119,국세청 49년 세종시 역사가 시작된다 국세청장 관용차번호 왜 700 이었을까,국세청 업무가 수기에서 전산으로 바뀌는 획기적인 순간이었다 이것은 무엇에 쓰는 물건인고? 수입신고서 세금명 기록이 순조롭게 진행됐다고 평가받았다 조세일보  저작권자  조세일보httpwww
120,국세청 49년 세종시 역사가 시작된다 국세청장 관용차번호 왜 700 이었을까,국세청 업무가 수기에서 전산으로 바뀌는 획기적인 순간이었다 이것은 무엇에 쓰는 물건인고? 수입신고서 세금명 기록이 순조롭게 진행됐다고 평가받았다 조세일보  저작권자  조세일보httpwww
121,국세청 49년 세종시 역사가 시작된다 국세청장 관용차번호 왜 700 이었을까,국세청 업무가 수기에서 전산으로 바뀌는 획기적인 순간이었다 이것은 무엇에 쓰는 물건인고? 수입신고서 세금명 기록이 순조롭게 진행됐다고 평가받았다 조세일보  저작권자  조세일보httpwww
122,국세청 49년 세종시 역사가 시작된다 국세청장 관용차번호 왜 700 이었을까,국세청 업무가 수기에서 전산으로 바뀌는 획기적인 순간이었다 이것은 무엇에 쓰는 물건인고? 수입신고서 세금명 기록이 순조롭게 진행됐다고 평가받았다 조세일보  저작권자  조세일보httpwww
123,국세청 49년 세종시 역사가 시작된다 국세청장 관용차번호 왜 700 이었을까,국세청 업무가 수기에서 전산으로 바뀌는 획기적인 순간이었다 이것은 무엇에 쓰는 물건인고? 수입신고서 세금명 기록이 순조롭게 진행됐다고 평가받았다 조세일보  저작권자  조세일보httpwww
124,국세청 49년 세종시 역사가 시작된다 국세청장 관용차번호 왜 700 이었을까,국세청 업무가 수기에서 전산으로 바뀌는 획기적인 순간이었다 이것은 무엇에 쓰는 물건인고? 수입신고서 세금명 기록이 순조롭게 진행됐다고 평가받았다 조세일보  저작권자  조세일보httpwww
125,국세청 49년 세종시 역사가 시작된다 국세청장 관용차번호 왜 700 이었을까,국세청 업무가 수기에서 전산으로 바뀌는 획기적인 순간이었다 이것은 무엇에 쓰는 물건인고? 수입신고서 세금명 기록이 순조롭게 진행됐다고 평가받았다 조세일보  저작권자  조세일보httpwww
126,국세청 49년 세종시 역사가 시작된다 국세청장 관용차번호 왜 700 이었을까,국세청 업무가 수기에서 전산으로 바뀌는 획기적인 순간이었다 이것은 무엇에 쓰는 물건인고? 수입신고서 세금명 기록이 순조롭게 진행됐다고 평가받았다 조세일보  저작권자  조세일보httpwww
127,국세청 49년 세종시 역사가 시작된다 국세청장 관용차번호 왜 700 이었을까,국세청 업무가 수기에서 전산으로 바뀌는 획기적인 순간이었다 이것은 무엇에 쓰는 물건인고? 수입신고서 세금명 기록이 순조롭게 진행됐다고 평가받았다 조세일보  저작권자  조세일보httpwww
128,국세청 49년 세종시 역사가 시작된다 국세청장 관용차번호 왜 700 이었을까,국세청 업무가 수기에서 전산으로 바뀌는 획기적인 순간이었다 이것은 무엇에 쓰는 물건인고? 수입신고서 세금명 기록이 순조롭게 진행됐다고 평가받았다 조세일보  저작권자  조세일보httpwww
129,국세청 49년 세종시 역사가 시작된다 국세청장 관용차번호 왜 700 이었을까,국세청 업무가 수기에서 전산으로 바뀌는 획기적인 순간이었다 이것은 무엇에 쓰는 물건인고? 수입신고서 세금명 기록이 순조롭게 진행됐다고 평가받았다 조세일보  저작권자  조세일보httpwww
130,국세청 49년 세종시 역사가 시작된다 국세청장 관용차번호 왜 700 이었을까,국세청 업무가 수기에서 전산으로 바뀌는 획기적인 순간이었다 이것은 무엇에 쓰는 물건인고? 수입신고서 세금명 기록이 순조롭게 진행됐다고 평가받았다 조세일보  저작권자  조세일보httpwww
131,국세청 49년 세종시 역사가 시작된다 국세청장 관용차번호 왜 700 이었을까,국세청 업무가 수기에서 전산으로 바뀌는 획기적인 순간이었다 이것은 무엇에 쓰는 물건인고? 수입신고서 세금명 기록이 순조롭게 진행됐다고 평가받았다 조세일보  저작권자  조세일보httpwww
132,국세청 49년 세종시 역사가 시작된다 국세청장 관용차번호 왜 700 이었을까,국세청 업무가 수기에서 전산으로 바뀌는 획기적인 순간이었다 이것은 무엇에 쓰는 물건인고? 수입신고서 세금명 기록이 순조롭게 진행됐다고 평가받았다 조세일보  저작권자  조세일보httpwww
133,국세청 49년 세종시 역사가 시작된다 국세청장 관용차번호 왜 700 이었을까,국세청 업무가 수기에서 전산으로 바뀌는 획기적인 순간이었다 이것은 무엇에 쓰는 물건인고? 수입신고서 세금명 기록이 순조롭게 진행됐다고 평가받았다 조세일보  저작권자  조세일보httpwww
134,국세청 49년 세종시 역사가 시작된다 국세청장 관용차번호 왜 700 이었을까,국세청 업무가 수기에서 전산으로 바뀌는 획기적인 순간이었다 이것은 무엇에 쓰는 물건인고? 수입신고서 세금명 기록이 순조롭게 진행됐다고 평가받았다 조세일보  저작권자  조세일보httpwww
135,국세청 49년 세종시 역사가 시작된다 국세청장 관용차번호 왜 700 이었을까,국세청 업무가 수기에서 전산으로 바뀌는 획기적인 순간이었다 이것은 무엇에 쓰는 물건인고? 수입신고서 세금명 기록이 순조롭게 진행됐다고 평가받았다 조세일보  저작권자  조세일보httpwww
136,국세청 49년 세종시 역사가 시작된다 국세청장 관용차번호 왜 700 이었을까,국세청 업무가 수기에서 전산으로 바뀌는 획기적인 순간이었다 이것은 무엇에 쓰는 물건인고? 수입신고서 세금명 기록이 순조롭게 진행됐다고 평가받았다 조세일보  저작권자  조세일보httpwww
137,국세청 49년 세종시 역사가 시작된다 국세청장 관용차번호 왜 700 이었을까,국세청 업무가 수기에서 전산으로 바뀌는 획기적인 순간이었다 이것은 무엇에 쓰는 물건인고? 수입신고서 세금명 기록이 순조롭게 진행됐다고 평가받았다 조세일보  저작권자  조세일보httpwww
138,국세청 49년 세종시 역사가 시작된다 국세청장 관용차번호 왜 700 이었을까,국세청 업무가 수기에서 전산으로 바뀌는 획기적인 순간이었다 이것은 무엇에 쓰는 물건인고? 수입신고서 세금명 기록이 순조롭게 진행됐다고 평가받았다 조세일보  저작권자  조세일보httpwww
139,국세청 49년 세종시 역사가 시작된다 국세청장 관용차번호 왜 700 이었을까,국세청 업무가 수기에서 전산으로 바뀌는 획기적인 순간이었다 이것은 무엇에 쓰는 물건인고? 수입신고서 세금명 기록이 순조롭게 진행됐다고 평가받았다 조세일보  저작권자  조세일보httpwww
140,국세청 49년 세종시 역사가 시작된다 국세청장 관용차번호 왜 700 이었을까,국세청 업무가 수기에서 전산으로 바뀌는 획기적인 순간이었다 이것은 무엇에 쓰는 물건인고? 수입신고서 세금명 기록이 순조롭게 진행됐다고 평가받았다 조세일보  저작권자  조세일보httpwww
141,국세청 49년 세종시 역사가 시작된다 국세청장 관용차번호 왜 700 이었을까,국세청 업무가 수기에서 전산으로 바뀌는 획기적인 순간이었다 이것은 무엇에 쓰는 물건인고? 수입신고서 세금명 기록이 순조롭게 진행됐다고 평가받았다 조세일보  저작권자  조세일보httpwww
142,국세청 49년 세종시 역사가 시작된다 국세청장 관용차번호 왜 700 이었을까,국세청 업무가 수기에서 전산으로 바뀌는 획기적인 순간이었다 이것은 무엇에 쓰는 물건인고? 수입신고서 세금명 기록이 순조롭게 진행됐다고 평가받았다 조세일보  저작권자  조세일보httpwww
143,국세청 49년 세종시 역사가 시작된다 국세청장 관용차번호 왜 700 이었을까,국세청 업무가 수기에서 전산으로 바뀌는 획기적인 순간이었다 이것은 무엇에 쓰는 물건인고? 수입신고서 세금명 기록이 순조롭게 진행됐다고 평가받았다 조세일보  저작권자  조세일보httpwww
144,국세청 49년 세종시 역사가 시작된다 국세청장 관용차번호 왜 700 이었을까,국세청 업무가 수기에서 전산으로 바뀌는 획기적인 순간이었다 이것은 무엇에 쓰는 물건인고? 수입신고서 세금명 기록이 순조롭게 진행됐다고 평가받았다 조세일보  저작권자  조세일보httpwww
145,국세청 49년 세종시 역사가 시작된다 국세청장 관용차번호 왜 700 이었을까,국세청 업무가 수기에서 전산으로 바뀌는 획기적인 순간이었다 이것은 무엇에 쓰는 물건인고? 수입신고서 세금명 기록이 순조롭게 진행됐다고 평가받았다 조세일보  저작권자  조세일보httpwww
146,국세청 49년 세종시 역사가 시작된다 국세청장 관용차번호 왜 700 이었을까,국세청 업무가 수기에서 전산으로 바뀌는 획기적인 순간이었다 이것은 무엇에 쓰는 물건인고? 수입신고서 세금명 기록이 순조롭게 진행됐다고 평가받았다 조세일보  저작권자  조세일보httpwww
147,국세청 49년 세종시 역사가 시작된다 국세청장 관용차번호 왜 700 이었을까,국세청 업무가 수기에서 전산으로 바뀌는 획기적인 순간이었다 이것은 무엇에 쓰는 물건인고? 수입신고서 세금명 기록이 순조롭게 진행됐다고 평가받았다 조세일보  저작권자  조세일보httpwww
148,국세청 49년 세종시 역사가 시작된다 국세청장 관용차번호 왜 700 이었을까,국세청 업무가 수기에서 전산으로 바뀌는 획기적인 순간이었다 이것은 무엇에 쓰는 물건인고? 수입신고서 세금명 기록이 순조롭게 진행됐다고 평가받았다 조세일보  저작권자  조세일보httpwww
149,국세청 49년 세종시 역사가 시작된다 국세청장 관용차번호 왜 700 이었을까,국세청 업무가 수기에서 전산으로 바뀌는 획기적인 순간이었다 이것은 무엇에 쓰는 물건인고? 수입신고서 세금명 기록이 순조롭게 진행됐다고 평가받았다 조세일보  저작권자  조세일보httpwww
150,국세청 49년 세종시 역사가 시작된다 국세청장 관용차번호 왜 700 이었을까,국세청 업무가 수기에서 전산으로 바뀌는 획기적인 순간이었다 이것은 무엇에 쓰는 물건인고? 수입신고서 세금명 기록이 순조롭게 진행됐다고 평가받았다 조세일보  저작권자  조세일보httpwww
151,국세청 49년 세종시 역사가 시작된다 국세청장 관용차번호 왜 700 이었을까,국세청 업무가 수기에서 전산으로 바뀌는 획기적인 순간이었다 이것은 무엇에 쓰는 물건인고? 수입신고서 세금명 기록이 순조롭게 진행됐다고 평가받았다 조세일보  저작권자  조세일보httpwww
152,국세청 49년 세종시 역사가 시작된다 국세청장 관용차번호 왜 700 이었을까,국세청 업무가 수기에서 전산으로 바뀌는 획기적인 순간이었다 이것은 무엇에 쓰는 물건인고? 수입신고서 세금명 기록이 순조롭게 진행됐다고 평가받았다 조세일보  저작권자  조세일보httpwww
153,국세청 49년 세종시 역사가 시작된다 국세청장 관용차번호 왜 700 이었을까,국세청 업무가 수기에서 전산으로 바뀌는 획기적인 순간이었다 이것은 무엇에 쓰는 물건인고? 수입신고서 세금명 기록이 순조롭게 진행됐다고 평가받았다 조세일보  저작권자  조세일보httpwww
154,국세청 49년 세종시 역사가 시작된다 국세청장 관용차번호 왜 700 이었을까,국세청 업무가 수기에서 전산으로 바뀌는 획기적인 순간이었다 이것은 무엇에 쓰는 물건인고? 수입신고서 세금명 기록이 순조롭게 진행됐다고 평가받았다 조세일보  저작권자  조세일보httpwww
155,국세청 49년 세종시 역사가 시작된다 국세청장 관용차번호 왜 700 이었을까,국세청 업무가 수기에서 전산으로 바뀌는 획기적인 순간이었다 이것은 무엇에 쓰는 물건인고? 수입신고서 세금명 기록이 순조롭게 진행됐다고 평가받았다 조세일보  저작권자  조세일보httpwww
156,국세청 49년 세종시 역사가 시작된다 국세청장 관용차번호 왜 700 이었을까,국세청 업무가 수기에서 전산으로 바뀌는 획기적인 순간이었다 이것은 무엇에 쓰는 물건인고? 수입신고서 세금명 기록이 순조롭게 진행됐다고 평가받았다 조세일보  저작권자  조세일보httpwww
157,국세청 49년 세종시 역사가 시작된다 국세청장 관용차번호 왜 700 이었을까,국세청 업무가 수기에서 전산으로 바뀌는 획기적인 순간이었다 이것은 무엇에 쓰는 물건인고? 수입신고서 세금명 기록이 순조롭게 진행됐다고 평가받았다 조세일보  저작권자  조세일보httpwww
158,국세청 49년 세종시 역사가 시작된다 국세청장 관용차번호 왜 700 이었을까,국세청 업무가 수기에서 전산으로 바뀌는 획기적인 순간이었다 이것은 무엇에 쓰는 물건인고? 수입신고서 세금명 기록이 순조롭게 진행됐다고 평가받았다 조세일보  저작권자  조세일보httpwww
159,국세청 49년 세종시 역사가 시작된다 국세청장 관용차번호 왜 700 이었을까,국세청 업무가 수기에서 전산으로 바뀌는 획기적인 순간이었다 이것은 무엇에 쓰는 물건인고? 수입신고서 세금명 기록이 순조롭게 진행됐다고 평가받았다 조세일보  저작권자  조세일보httpwww
160,국세청 49년 세종시 역사가 시작된다 국세청장 관용차번호 왜 700 이었을까,국세청 업무가 수기에서 전산으로 바뀌는 획기적인 순간이었다 이것은 무엇에 쓰는 물건인고? 수입신고서 세금명 기록이 순조롭게 진행됐다고 평가받았다 조세일보  저작권자  조세일보httpwww
161,국세청 49년 세종시 역사가 시작된다 국세청장 관용차번호 왜 700 이었을까,국세청 업무가 수기에서 전산으로 바뀌는 획기적인 순간이었다 이것은 무엇에 쓰는 물건인고? 수입신고서 세금명 기록이 순조롭게 진행됐다고 평가받았다 조세일보  저작권자  조세일보httpwww
162,국세청 49년 세종시 역사가 시작된다 국세청장 관용차번호 왜 700 이었을까,국세청 업무가 수기에서 전산으로 바뀌는 획기적인 순간이었다 이것은 무엇에 쓰는 물건인고? 수입신고서 세금명 기록이 순조롭게 진행됐다고 평가받았다 조세일보  저작권자  조세일보httpwww
163,국세청 49년 세종시 역사가 시작된다 국세청장 관용차번호 왜 700 이었을까,국세청 업무가 수기에서 전산으로 바뀌는 획기적인 순간이었다 이것은 무엇에 쓰는 물건인고? 수입신고서 세금명 기록이 순조롭게 진행됐다고 평가받았다 조세일보  저작권자  조세일보httpwww
164,국세청 49년 세종시 역사가 시작된다 국세청장 관용차번호 왜 700 이었을까,국세청 업무가 수기에서 전산으로 바뀌는 획기적인 순간이었다 이것은 무엇에 쓰는 물건인고? 수입신고서 세금명 기록이 순조롭게 진행됐다고 평가받았다 조세일보  저작권자  조세일보httpwww
165,국세청 49년 세종시 역사가 시작된다 국세청장 관용차번호 왜 700 이었을까,국세청 업무가 수기에서 전산으로 바뀌는 획기적인 순간이었다 이것은 무엇에 쓰는 물건인고? 수입신고서 세금명 기록이 순조롭게 진행됐다고 평가받았다 조세일보  저작권자  조세일보httpwww
166,국세청 49년 세종시 역사가 시작된다 국세청장 관용차번호 왜 700 이었을까,국세청 업무가 수기에서 전산으로 바뀌는 획기적인 순간이었다 이것은 무엇에 쓰는 물건인고? 수입신고서 세금명 기록이 순조롭게 진행됐다고 평가받았다 조세일보  저작권자  조세일보httpwww
167,국세청 49년 세종시 역사가 시작된다 국세청장 관용차번호 왜 700 이었을까,국세청 업무가 수기에서 전산으로 바뀌는 획기적인 순간이었다 이것은 무엇에 쓰는 물건인고? 수입신고서 세금명 기록이 순조롭게 진행됐다고 평가받았다 조세일보  저작권자  조세일보httpwww
168,국세청 49년 세종시 역사가 시작된다 국세청장 관용차번호 왜 700 이었을까,국세청 업무가 수기에서 전산으로 바뀌는 획기적인 순간이었다 이것은 무엇에 쓰는 물건인고? 수입신고서 세금명 기록이 순조롭게 진행됐다고 평가받았다 조세일보  저작권자  조세일보httpwww
169,국세청 49년 세종시 역사가 시작된다 국세청장 관용차번호 왜 700 이었을까,국세청 업무가 수기에서 전산으로 바뀌는 획기적인 순간이었다 이것은 무엇에 쓰는 물건인고? 수입신고서 세금명 기록이 순조롭게 진행됐다고 평가받았다 조세일보  저작권자  조세일보httpwww
170,국세청 49년 세종시 역사가 시작된다 국세청장 관용차번호 왜 700 이었을까,국세청 업무가 수기에서 전산으로 바뀌는 획기적인 순간이었다 이것은 무엇에 쓰는 물건인고? 수입신고서 세금명 기록이 순조롭게 진행됐다고 평가받았다 조세일보  저작권자  조세일보httpwww
171,국세청 49년 세종시 역사가 시작된다 국세청장 관용차번호 왜 700 이었을까,국세청 업무가 수기에서 전산으로 바뀌는 획기적인 순간이었다 이것은 무엇에 쓰는 물건인고? 수입신고서 세금명 기록이 순조롭게 진행됐다고 평가받았다 조세일보  저작권자  조세일보httpwww
172,국세청 49년 세종시 역사가 시작된다 국세청장 관용차번호 왜 700 이었을까,국세청 업무가 수기에서 전산으로 바뀌는 획기적인 순간이었다 이것은 무엇에 쓰는 물건인고? 수입신고서 세금명 기록이 순조롭게 진행됐다고 평가받았다 조세일보  저작권자  조세일보httpwww
173,국세청 49년 세종시 역사가 시작된다 국세청장 관용차번호 왜 700 이었을까,국세청 업무가 수기에서 전산으로 바뀌는 획기적인 순간이었다 이것은 무엇에 쓰는 물건인고? 수입신고서 세금명 기록이 순조롭게 진행됐다고 평가받았다 조세일보  저작권자  조세일보httpwww
174,국세청 49년 세종시 역사가 시작된다 국세청장 관용차번호 왜 700 이었을까,국세청 업무가 수기에서 전산으로 바뀌는 획기적인 순간이었다 이것은 무엇에 쓰는 물건인고? 수입신고서 세금명 기록이 순조롭게 진행됐다고 평가받았다 조세일보  저작권자  조세일보httpwww
175,국세청 49년 세종시 역사가 시작된다 국세청장 관용차번호 왜 700 이었을까,국세청 업무가 수기에서 전산으로 바뀌는 획기적인 순간이었다 이것은 무엇에 쓰는 물건인고? 수입신고서 세금명 기록이 순조롭게 진행됐다고 평가받았다 조세일보  저작권자  조세일보httpwww
176,국세청 49년 세종시 역사가 시작된다 국세청장 관용차번호 왜 700 이었을까,국세청 업무가 수기에서 전산으로 바뀌는 획기적인 순간이었다 이것은 무엇에 쓰는 물건인고? 수입신고서 세금명 기록이 순조롭게 진행됐다고 평가받았다 조세일보  저작권자  조세일보httpwww
177,국세청 49년 세종시 역사가 시작된다 국세청장 관용차번호 왜 700 이었을까,국세청 업무가 수기에서 전산으로 바뀌는 획기적인 순간이었다 이것은 무엇에 쓰는 물건인고? 수입신고서 세금명 기록이 순조롭게 진행됐다고 평가받았다 조세일보  저작권자  조세일보httpwww
178,국세청 49년 세종시 역사가 시작된다 국세청장 관용차번호 왜 700 이었을까,국세청 업무가 수기에서 전산으로 바뀌는 획기적인 순간이었다 이것은 무엇에 쓰는 물건인고? 수입신고서 세금명 기록이 순조롭게 진행됐다고 평가받았다 조세일보  저작권자  조세일보httpwww
179,국세청 49년 세종시 역사가 시작된다 국세청장 관용차번호 왜 700 이었을까,국세청 업무가 수기에서 전산으로 바뀌는 획기적인 순간이었다 이것은 무엇에 쓰는 물건인고? 수입신고서 세금명 기록이 순조롭게 진행됐다고 평가받았다 조세일보  저작권자  조세일보httpwww
180,국세청 49년 세종시 역사가 시작된다 국세청장 관용차번호 왜 700 이었을까,국세청 업무가 수기에서 전산으로 바뀌는 획기적인 순간이었다 이것은 무엇에 쓰는 물건인고? 수입신고서 세금명 기록이 순조롭게 진행됐다고 평가받았다 조세일보  저작권자  조세일보httpwww
181,국세청 49년 세종시 역사가 시작된다 국세청장 관용차번호 왜 700 이었을까,국세청 업무가 수기에서 전산으로 바뀌는 획기적인 순간이었다 이것은 무엇에 쓰는 물건인고? 수입신고서 세금명 기록이 순조롭게 진행됐다고 평가받았다 조세일보  저작권자  조세일보httpwww
182,국세청 49년 세종시 역사가 시작된다 국세청장 관용차번호 왜 700 이었을까,국세청 업무가 수기에서 전산으로 바뀌는 획기적인 순간이었다 이것은 무엇에 쓰는 물건인고? 수입신고서 세금명 기록이 순조롭게 진행됐다고 평가받았다 조세일보  저작권자  조세일보httpwww
183,국세청 49년 세종시 역사가 시작된다 국세청장 관용차번호 왜 700 이었을까,국세청 업무가 수기에서 전산으로 바뀌는 획기적인 순간이었다 이것은 무엇에 쓰는 물건인고? 수입신고서 세금명 기록이 순조롭게 진행됐다고 평가받았다 조세일보  저작권자  조세일보httpwww
184,국세청 49년 세종시 역사가 시작된다 국세청장 관용차번호 왜 700 이었을까,국세청 업무가 수기에서 전산으로 바뀌는 획기적인 순간이었다 이것은 무엇에 쓰는 물건인고? 수입신고서 세금명 기록이 순조롭게 진행됐다고 평가받았다 조세일보  저작권자  조세일보httpwww
185,국세청 49년 세종시 역사가 시작된다 국세청장 관용차번호 왜 700 이었을까,국세청 업무가 수기에서 전산으로 바뀌는 획기적인 순간이었다 이것은 무엇에 쓰는 물건인고? 수입신고서 세금명 기록이 순조롭게 진행됐다고 평가받았다 조세일보  저작권자  조세일보httpwww
186,국세청 49년 세종시 역사가 시작된다 국세청장 관용차번호 왜 700 이었을까,국세청 업무가 수기에서 전산으로 바뀌는 획기적인 순간이었다 이것은 무엇에 쓰는 물건인고? 수입신고서 세금명 기록이 순조롭게 진행됐다고 평가받았다 조세일보  저작권자  조세일보httpwww
187,국세청 49년 세종시 역사가 시작된다 국세청장 관용차번호 왜 700 이었을까,국세청 업무가 수기에서 전산으로 바뀌는 획기적인 순간이었다 이것은 무엇에 쓰는 물건인고? 수입신고서 세금명 기록이 순조롭게 진행됐다고 평가받았다 조세일보  저작권자  조세일보httpwww
188,국세청 49년 세종시 역사가 시작된다 국세청장 관용차번호 왜 700 이었을까,국세청 업무가 수기에서 전산으로 바뀌는 획기적인 순간이었다 이것은 무엇에 쓰는 물건인고? 수입신고서 세금명 기록이 순조롭게 진행됐다고 평가받았다 조세일보  저작권자  조세일보httpwww
189,국세청 49년 세종시 역사가 시작된다 국세청장 관용차번호 왜 700 이었을까,국세청 업무가 수기에서 전산으로 바뀌는 획기적인 순간이었다 이것은 무엇에 쓰는 물건인고? 수입신고서 세금명 기록이 순조롭게 진행됐다고 평가받았다 조세일보  저작권자  조세일보httpwww
190,국세청 49년 세종시 역사가 시작된다 국세청장 관용차번호 왜 700 이었을까,국세청 업무가 수기에서 전산으로 바뀌는 획기적인 순간이었다 이것은 무엇에 쓰는 물건인고? 수입신고서 세금명 기록이 순조롭게 진행됐다고 평가받았다 조세일보  저작권자  조세일보httpwww
191,국세청 49년 세종시 역사가 시작된다 국세청장 관용차번호 왜 700 이었을까,국세청 업무가 수기에서 전산으로 바뀌는 획기적인 순간이었다 이것은 무엇에 쓰는 물건인고? 수입신고서 세금명 기록이 순조롭게 진행됐다고 평가받았다 조세일보  저작권자  조세일보httpwww
192,국세청 49년 세종시 역사가 시작된다 국세청장 관용차번호 왜 700 이었을까,국세청 업무가 수기에서 전산으로 바뀌는 획기적인 순간이었다 이것은 무엇에 쓰는 물건인고? 수입신고서 세금명 기록이 순조롭게 진행됐다고 평가받았다 조세일보  저작권자  조세일보httpwww
193,국세청 49년 세종시 역사가 시작된다 국세청장 관용차번호 왜 700 이었을까,국세청 업무가 수기에서 전산으로 바뀌는 획기적인 순간이었다 이것은 무엇에 쓰는 물건인고? 수입신고서 세금명 기록이 순조롭게 진행됐다고 평가받았다 조세일보  저작권자  조세일보httpwww
194,국세청 49년 세종시 역사가 시작된다 국세청장 관용차번호 왜 700 이었을까,국세청 업무가 수기에서 전산으로 바뀌는 획기적인 순간이었다 이것은 무엇에 쓰는 물건인고? 수입신고서 세금명 기록이 순조롭게 진행됐다고 평가받았다 조세일보  저작권자  조세일보httpwww
195,국세청 49년 세종시 역사가 시작된다 국세청장 관용차번호 왜 700 이었을까,국세청 업무가 수기에서 전산으로 바뀌는 획기적인 순간이었다 이것은 무엇에 쓰는 물건인고? 수입신고서 세금명 기록이 순조롭게 진행됐다고 평가받았다 조세일보  저작권자  조세일보httpwww
196,국세청 49년 세종시 역사가 시작된다 국세청장 관용차번호 왜 700 이었을까,국세청 업무가 수기에서 전산으로 바뀌는 획기적인 순간이었다 이것은 무엇에 쓰는 물건인고? 수입신고서 세금명 기록이 순조롭게 진행됐다고 평가받았다 조세일보  저작권자  조세일보httpwww
197,국세청 49년 세종시 역사가 시작된다 국세청장 관용차번호 왜 700 이었을까,국세청 업무가 수기에서 전산으로 바뀌는 획기적인 순간이었다 이것은 무엇에 쓰는 물건인고? 수입신고서 세금명 기록이 순조롭게 진행됐다고 평가받았다 조세일보  저작권자  조세일보httpwww
198,국세청 49년 세종시 역사가 시작된다 국세청장 관용차번호 왜 700 이었을까,국세청 업무가 수기에서 전산으로 바뀌는 획기적인 순간이었다 이것은 무엇에 쓰는 물건인고? 수입신고서 세금명 기록이 순조롭게 진행됐다고 평가받았다 조세일보  저작권자  조세일보httpwww
199,국세청 49년 세종시 역사가 시작된다 국세청장 관용차번호 왜 700 이었을까,국세청 업무가 수기에서 전산으로 바뀌는 획기적인 순간이었다 이것은 무엇에 쓰는 물건인고? 수입신고서 세금명 기록이 순조롭게 진행됐다고 평가받았다 조세일보  저작권자  조세일보httpwww
200,국세청 49년 세종시 역사가 시작된다 국세청장 관용차번호 왜 700 이었을까,국세청 업무가 수기에서 전산으로 바뀌는 획기적인 순간이었다 이것은 무엇에 쓰는 물건인고? 수입신고서 세금명 기록이 순조롭게 진행됐다고 평가받았다 조세일보  저작권자  조세일보httpwww
201,국세청 49년 세종시 역사가 시작된다 국세청장 관용차번호 왜 700 이었을까,국세청 업무가 수기에서 전산으로 바뀌는 획기적인 순간이었다 이것은 무엇에 쓰는 물건인고? 수입신고서 세금명 기록이 순조롭게 진행됐다고 평가받았다 조세일보  저작권자  조세일보httpwww
202,국세청 49년 세종시 역사가 시작된다 국세청장 관용차번호 왜 700 이었을까,국세청 업무가 수기에서 전산으로 바뀌는 획기적인 순간이었다 이것은 무엇에 쓰는 물건인고? 수입신고서 세금명 기록이 순조롭게 진행됐다고 평가받았다 조세일보  저작권자  조세일보httpwww
203,국세청 49년 세종시 역사가 시작된다 국세청장 관용차번호 왜 700 이었을까,국세청 업무가 수기에서 전산으로 바뀌는 획기적인 순간이었다 이것은 무엇에 쓰는 물건인고? 수입신고서 세금명 기록이 순조롭게 진행됐다고 평가받았다 조세일보  저작권자  조세일보httpwww
204,국세청 49년 세종시 역사가 시작된다 국세청장 관용차번호 왜 700 이었을까,국세청 업무가 수기에서 전산으로 바뀌는 획기적인 순간이었다 이것은 무엇에 쓰는 물건인고? 수입신고서 세금명 기록이 순조롭게 진행됐다고 평가받았다 조세일보  저작권자  조세일보httpwww
205,국세청 49년 세종시 역사가 시작된다 국세청장 관용차번호 왜 700 이었을까,국세청 업무가 수기에서 전산으로 바뀌는 획기적인 순간이었다 이것은 무엇에 쓰는 물건인고? 수입신고서 세금명 기록이 순조롭게 진행됐다고 평가받았다 조세일보  저작권자  조세일보httpwww
206,국세청 49년 세종시 역사가 시작된다 국세청장 관용차번호 왜 700 이었을까,국세청 업무가 수기에서 전산으로 바뀌는 획기적인 순간이었다 이것은 무엇에 쓰는 물건인고? 수입신고서 세금명 기록이 순조롭게 진행됐다고 평가받았다 조세일보  저작권자  조세일보httpwww
207,국세청 49년 세종시 역사가 시작된다 국세청장 관용차번호 왜 700 이었을까,국세청 업무가 수기에서 전산으로 바뀌는 획기적인 순간이었다 이것은 무엇에 쓰는 물건인고? 수입신고서 세금명 기록이 순조롭게 진행됐다고 평가받았다 조세일보  저작권자  조세일보httpwww
208,국세청 49년 세종시 역사가 시작된다 국세청장 관용차번호 왜 700 이었을까,국세청 업무가 수기에서 전산으로 바뀌는 획기적인 순간이었다 이것은 무엇에 쓰는 물건인고? 수입신고서 세금명 기록이 순조롭게 진행됐다고 평가받았다 조세일보  저작권자  조세일보httpwww
209,국세청 49년 세종시 역사가 시작된다 국세청장 관용차번호 왜 700 이었을까,국세청 업무가 수기에서 전산으로 바뀌는 획기적인 순간이었다 이것은 무엇에 쓰는 물건인고? 수입신고서 세금명 기록이 순조롭게 진행됐다고 평가받았다 조세일보  저작권자  조세일보httpwww
210,국세청 49년 세종시 역사가 시작된다 국세청장 관용차번호 왜 700 이었을까,국세청 업무가 수기에서 전산으로 바뀌는 획기적인 순간이었다 이것은 무엇에 쓰는 물건인고? 수입신고서 세금명 기록이 순조롭게 진행됐다고 평가받았다 조세일보  저작권자  조세일보httpwww
211,국세청 49년 세종시 역사가 시작된다 국세청장 관용차번호 왜 700 이었을까,국세청 업무가 수기에서 전산으로 바뀌는 획기적인 순간이었다 이것은 무엇에 쓰는 물건인고? 수입신고서 세금명 기록이 순조롭게 진행됐다고 평가받았다 조세일보  저작권자  조세일보httpwww
212,국세청 49년 세종시 역사가 시작된다 국세청장 관용차번호 왜 700 이었을까,국세청 업무가 수기에서 전산으로 바뀌는 획기적인 순간이었다 이것은 무엇에 쓰는 물건인고? 수입신고서 세금명 기록이 순조롭게 진행됐다고 평가받았다 조세일보  저작권자  조세일보httpwww
213,국세청 49년 세종시 역사가 시작된다 국세청장 관용차번호 왜 700 이었을까,국세청 업무가 수기에서 전산으로 바뀌는 획기적인 순간이었다 이것은 무엇에 쓰는 물건인고? 수입신고서 세금명 기록이 순조롭게 진행됐다고 평가받았다 조세일보  저작권자  조세일보httpwww
214,국세청 49년 세종시 역사가 시작된다 국세청장 관용차번호 왜 700 이었을까,국세청 업무가 수기에서 전산으로 바뀌는 획기적인 순간이었다 이것은 무엇에 쓰는 물건인고? 수입신고서 세금명 기록이 순조롭게 진행됐다고 평가받았다 조세일보  저작권자  조세일보httpwww
215,국세청 49년 세종시 역사가 시작된다 국세청장 관용차번호 왜 700 이었을까,국세청 업무가 수기에서 전산으로 바뀌는 획기적인 순간이었다 이것은 무엇에 쓰는 물건인고? 수입신고서 세금명 기록이 순조롭게 진행됐다고 평가받았다 조세일보  저작권자  조세일보httpwww
216,국세청 49년 세종시 역사가 시작된다 국세청장 관용차번호 왜 700 이었을까,국세청 업무가 수기에서 전산으로 바뀌는 획기적인 순간이었다 이것은 무엇에 쓰는 물건인고? 수입신고서 세금명 기록이 순조롭게 진행됐다고 평가받았다 조세일보  저작권자  조세일보httpwww
217,국세청 49년 세종시 역사가 시작된다 국세청장 관용차번호 왜 700 이었을까,국세청 업무가 수기에서 전산으로 바뀌는 획기적인 순간이었다 이것은 무엇에 쓰는 물건인고? 수입신고서 세금명 기록이 순조롭게 진행됐다고 평가받았다 조세일보  저작권자  조세일보httpwww
218,국세청 49년 세종시 역사가 시작된다 국세청장 관용차번호 왜 700 이었을까,국세청 업무가 수기에서 전산으로 바뀌는 획기적인 순간이었다 이것은 무엇에 쓰는 물건인고? 수입신고서 세금명 기록이 순조롭게 진행됐다고 평가받았다 조세일보  저작권자  조세일보httpwww
219,국세청 49년 세종시 역사가 시작된다 국세청장 관용차번호 왜 700 이었을까,국세청 업무가 수기에서 전산으로 바뀌는 획기적인 순간이었다 이것은 무엇에 쓰는 물건인고? 수입신고서 세금명 기록이 순조롭게 진행됐다고 평가받았다 조세일보  저작권자  조세일보httpwww
220,국세청 49년 세종시 역사가 시작된다 국세청장 관용차번호 왜 700 이었을까,국세청 업무가 수기에서 전산으로 바뀌는 획기적인 순간이었다 이것은 무엇에 쓰는 물건인고? 수입신고서 세금명 기록이 순조롭게 진행됐다고 평가받았다 조세일보  저작권자  조세일보httpwww
221,국세청 49년 세종시 역사가 시작된다 국세청장 관용차번호 왜 700 이었을까,국세청 업무가 수기에서 전산으로 바뀌는 획기적인 순간이었다 이것은 무엇에 쓰는 물건인고? 수입신고서 세금명 기록이 순조롭게 진행됐다고 평가받았다 조세일보  저작권자  조세일보httpwww
222,국세청 49년 세종시 역사가 시작된다 국세청장 관용차번호 왜 700 이었을까,국세청 업무가 수기에서 전산으로 바뀌는 획기적인 순간이었다 이것은 무엇에 쓰는 물건인고? 수입신고서 세금명 기록이 순조롭게 진행됐다고 평가받았다 조세일보  저작권자  조세일보httpwww
223,국세청 49년 세종시 역사가 시작된다 국세청장 관용차번호 왜 700 이었을까,국세청 업무가 수기에서 전산으로 바뀌는 획기적인 순간이었다 이것은 무엇에 쓰는 물건인고? 수입신고서 세금명 기록이 순조롭게 진행됐다고 평가받았다 조세일보  저작권자  조세일보httpwww
224,국세청 49년 세종시 역사가 시작된다 국세청장 관용차번호 왜 700 이었을까,국세청 업무가 수기에서 전산으로 바뀌는 획기적인 순간이었다 이것은 무엇에 쓰는 물건인고? 수입신고서 세금명 기록이 순조롭게 진행됐다고 평가받았다 조세일보  저작권자  조세일보httpwww
225,국세청 49년 세종시 역사가 시작된다 국세청장 관용차번호 왜 700 이었을까,국세청 업무가 수기에서 전산으로 바뀌는 획기적인 순간이었다 이것은 무엇에 쓰는 물건인고? 수입신고서 세금명 기록이 순조롭게 진행됐다고 평가받았다 조세일보  저작권자  조세일보httpwww
226,국세청 49년 세종시 역사가 시작된다 국세청장 관용차번호 왜 700 이었을까,국세청 업무가 수기에서 전산으로 바뀌는 획기적인 순간이었다 이것은 무엇에 쓰는 물건인고? 수입신고서 세금명 기록이 순조롭게 진행됐다고 평가받았다 조세일보  저작권자  조세일보httpwww
227,국세청 49년 세종시 역사가 시작된다 국세청장 관용차번호 왜 700 이었을까,국세청 업무가 수기에서 전산으로 바뀌는 획기적인 순간이었다 이것은 무엇에 쓰는 물건인고? 수입신고서 세금명 기록이 순조롭게 진행됐다고 평가받았다 조세일보  저작권자  조세일보httpwww
228,국세청 49년 세종시 역사가 시작된다 국세청장 관용차번호 왜 700 이었을까,국세청 업무가 수기에서 전산으로 바뀌는 획기적인 순간이었다 이것은 무엇에 쓰는 물건인고? 수입신고서 세금명 기록이 순조롭게 진행됐다고 평가받았다 조세일보  저작권자  조세일보httpwww
229,국세청 49년 세종시 역사가 시작된다 국세청장 관용차번호 왜 700 이었을까,국세청 업무가 수기에서 전산으로 바뀌는 획기적인 순간이었다 이것은 무엇에 쓰는 물건인고? 수입신고서 세금명 기록이 순조롭게 진행됐다고 평가받았다 조세일보  저작권자  조세일보httpwww
230,국세청 49년 세종시 역사가 시작된다 국세청장 관용차번호 왜 700 이었을까,국세청 업무가 수기에서 전산으로 바뀌는 획기적인 순간이었다 이것은 무엇에 쓰는 물건인고? 수입신고서 세금명 기록이 순조롭게 진행됐다고 평가받았다 조세일보  저작권자  조세일보httpwww
231,국세청 49년 세종시 역사가 시작된다 국세청장 관용차번호 왜 700 이었을까,국세청 업무가 수기에서 전산으로 바뀌는 획기적인 순간이었다 이것은 무엇에 쓰는 물건인고? 수입신고서 세금명 기록이 순조롭게 진행됐다고 평가받았다 조세일보  저작권자  조세일보httpwww
232,국세청 49년 세종시 역사가 시작된다 국세청장 관용차번호 왜 700 이었을까,국세청 업무가 수기에서 전산으로 바뀌는 획기적인 순간이었다 이것은 무엇에 쓰는 물건인고? 수입신고서 세금명 기록이 순조롭게 진행됐다고 평가받았다 조세일보  저작권자  조세일보httpwww
233,국세청 49년 세종시 역사가 시작된다 국세청장 관용차번호 왜 700 이었을까,국세청 업무가 수기에서 전산으로 바뀌는 획기적인 순간이었다 이것은 무엇에 쓰는 물건인고? 수입신고서 세금명 기록이 순조롭게 진행됐다고 평가받았다 조세일보  저작권자  조세일보httpwww
234,국세청 49년 세종시 역사가 시작된다 국세청장 관용차번호 왜 700 이었을까,국세청 업무가 수기에서 전산으로 바뀌는 획기적인 순간이었다 이것은 무엇에 쓰는 물건인고? 수입신고서 세금명 기록이 순조롭게 진행됐다고 평가받았다 조세일보  저작권자  조세일보httpwww
235,국세청 49년 세종시 역사가 시작된다 국세청장 관용차번호 왜 700 이었을까,국세청 업무가 수기에서 전산으로 바뀌는 획기적인 순간이었다 이것은 무엇에 쓰는 물건인고? 수입신고서 세금명 기록이 순조롭게 진행됐다고 평가받았다 조세일보  저작권자  조세일보httpwww
236,국세청 49년 세종시 역사가 시작된다 국세청장 관용차번호 왜 700 이었을까,국세청 업무가 수기에서 전산으로 바뀌는 획기적인 순간이었다 이것은 무엇에 쓰는 물건인고? 수입신고서 세금명 기록이 순조롭게 진행됐다고 평가받았다 조세일보  저작권자  조세일보httpwww
237,국세청 49년 세종시 역사가 시작된다 국세청장 관용차번호 왜 700 이었을까,국세청 업무가 수기에서 전산으로 바뀌는 획기적인 순간이었다 이것은 무엇에 쓰는 물건인고? 수입신고서 세금명 기록이 순조롭게 진행됐다고 평가받았다 조세일보  저작권자  조세일보httpwww
238,국세청 49년 세종시 역사가 시작된다 국세청장 관용차번호 왜 700 이었을까,국세청 업무가 수기에서 전산으로 바뀌는 획기적인 순간이었다 이것은 무엇에 쓰는 물건인고? 수입신고서 세금명 기록이 순조롭게 진행됐다고 평가받았다 조세일보  저작권자  조세일보httpwww
239,국세청 49년 세종시 역사가 시작된다 국세청장 관용차번호 왜 700 이었을까,국세청 업무가 수기에서 전산으로 바뀌는 획기적인 순간이었다 이것은 무엇에 쓰는 물건인고? 수입신고서 세금명 기록이 순조롭게 진행됐다고 평가받았다 조세일보  저작권자  조세일보httpwww
240,국세청 49년 세종시 역사가 시작된다 국세청장 관용차번호 왜 700 이었을까,국세청 업무가 수기에서 전산으로 바뀌는 획기적인 순간이었다 이것은 무엇에 쓰는 물건인고? 수입신고서 세금명 기록이 순조롭게 진행됐다고 평가받았다 조세일보  저작권자  조세일보httpwww
241,국세청 49년 세종시 역사가 시작된다 국세청장 관용차번호 왜 700 이었을까,국세청 업무가 수기에서 전산으로 바뀌는 획기적인 순간이었다 이것은 무엇에 쓰는 물건인고? 수입신고서 세금명 기록이 순조롭게 진행됐다고 평가받았다 조세일보  저작권자  조세일보httpwww
242,국세청 49년 세종시 역사가 시작된다 국세청장 관용차번호 왜 700 이었을까,국세청 업무가 수기에서 전산으로 바뀌는 획기적인 순간이었다 이것은 무엇에 쓰는 물건인고? 수입신고서 세금명 기록이 순조롭게 진행됐다고 평가받았다 조세일보  저작권자  조세일보httpwww
243,국세청 49년 세종시 역사가 시작된다 국세청장 관용차번호 왜 700 이었을까,국세청 업무가 수기에서 전산으로 바뀌는 획기적인 순간이었다 이것은 무엇에 쓰는 물건인고? 수입신고서 세금명 기록이 순조롭게 진행됐다고 평가받았다 조세일보  저작권자  조세일보httpwww
244,국세청 49년 세종시 역사가 시작된다 국세청장 관용차번호 왜 700 이었을까,국세청 업무가 수기에서 전산으로 바뀌는 획기적인 순간이었다 이것은 무엇에 쓰는 물건인고? 수입신고서 세금명 기록이 순조롭게 진행됐다고 평가받았다 조세일보  저작권자  조세일보httpwww
245,국세청 49년 세종시 역사가 시작된다 국세청장 관용차번호 왜 700 이었을까,국세청 업무가 수기에서 전산으로 바뀌는 획기적인 순간이었다 이것은 무엇에 쓰는 물건인고? 수입신고서 세금명 기록이 순조롭게 진행됐다고 평가받았다 조세일보  저작권자  조세일보httpwww
246,국세청 49년 세종시 역사가 시작된다 국세청장 관용차번호 왜 700 이었을까,국세청 업무가 수기에서 전산으로 바뀌는 획기적인 순간이었다 이것은 무엇에 쓰는 물건인고? 수입신고서 세금명 기록이 순조롭게 진행됐다고 평가받았다 조세일보  저작권자  조세일보httpwww
247,국세청 49년 세종시 역사가 시작된다 국세청장 관용차번호 왜 700 이었을까,국세청 업무가 수기에서 전산으로 바뀌는 획기적인 순간이었다 이것은 무엇에 쓰는 물건인고? 수입신고서 세금명 기록이 순조롭게 진행됐다고 평가받았다 조세일보  저작권자  조세일보httpwww
248,국세청 49년 세종시 역사가 시작된다 국세청장 관용차번호 왜 700 이었을까,국세청 업무가 수기에서 전산으로 바뀌는 획기적인 순간이었다 이것은 무엇에 쓰는 물건인고? 수입신고서 세금명 기록이 순조롭게 진행됐다고 평가받았다 조세일보  저작권자  조세일보httpwww
249,국세청 49년 세종시 역사가 시작된다 국세청장 관용차번호 왜 700 이었을까,국세청 업무가 수기에서 전산으로 바뀌는 획기적인 순간이었다 이것은 무엇에 쓰는 물건인고? 수입신고서 세금명 기록이 순조롭게 진행됐다고 평가받았다 조세일보  저작권자  조세일보httpwww
250,국세청 49년 세종시 역사가 시작된다 국세청장 관용차번호 왜 700 이었을까,국세청 업무가 수기에서 전산으로 바뀌는 획기적인 순간이었다 이것은 무엇에 쓰는 물건인고? 수입신고서 세금명 기록이 순조롭게 진행됐다고 평가받았다 조세일보  저작권자  조세일보httpwww
251,국세청 49년 세종시 역사가 시작된다 국세청장 관용차번호 왜 700 이었을까,국세청 업무가 수기에서 전산으로 바뀌는 획기적인 순간이었다 이것은 무엇에 쓰는 물건인고? 수입신고서 세금명 기록이 순조롭게 진행됐다고 평가받았다 조세일보  저작권자  조세일보httpwww
252,국세청 49년 세종시 역사가 시작된다 국세청장 관용차번호 왜 700 이었을까,국세청 업무가 수기에서 전산으로 바뀌는 획기적인 순간이었다 이것은 무엇에 쓰는 물건인고? 수입신고서 세금명 기록이 순조롭게 진행됐다고 평가받았다 조세일보  저작권자  조세일보httpwww
253,국세청 49년 세종시 역사가 시작된다 국세청장 관용차번호 왜 700 이었을까,국세청 업무가 수기에서 전산으로 바뀌는 획기적인 순간이었다 이것은 무엇에 쓰는 물건인고? 수입신고서 세금명 기록이 순조롭게 진행됐다고 평가받았다 조세일보  저작권자  조세일보httpwww
254,국세청 49년 세종시 역사가 시작된다 국세청장 관용차번호 왜 700 이었을까,국세청 업무가 수기에서 전산으로 바뀌는 획기적인 순간이었다 이것은 무엇에 쓰는 물건인고? 수입신고서 세금명 기록이 순조롭게 진행됐다고 평가받았다 조세일보  저작권자  조세일보httpwww
255,국세청 49년 세종시 역사가 시작된다 국세청장 관용차번호 왜 700 이었을까,국세청 업무가 수기에서 전산으로 바뀌는 획기적인 순간이었다 이것은 무엇에 쓰는 물건인고? 수입신고서 세금명 기록이 순조롭게 진행됐다고 평가받았다 조세일보  저작권자  조세일보httpwww
256,국세청 49년 세종시 역사가 시작된다 국세청장 관용차번호 왜 700 이었을까,국세청 업무가 수기에서 전산으로 바뀌는 획기적인 순간이었다 이것은 무엇에 쓰는 물건인고? 수입신고서 세금명 기록이 순조롭게 진행됐다고 평가받았다 조세일보  저작권자  조세일보httpwww
257,국세청 49년 세종시 역사가 시작된다 국세청장 관용차번호 왜 700 이었을까,국세청 업무가 수기에서 전산으로 바뀌는 획기적인 순간이었다 이것은 무엇에 쓰는 물건인고? 수입신고서 세금명 기록이 순조롭게 진행됐다고 평가받았다 조세일보  저작권자  조세일보httpwww
258,국세청 49년 세종시 역사가 시작된다 국세청장 관용차번호 왜 700 이었을까,국세청 업무가 수기에서 전산으로 바뀌는 획기적인 순간이었다 이것은 무엇에 쓰는 물건인고? 수입신고서 세금명 기록이 순조롭게 진행됐다고 평가받았다 조세일보  저작권자  조세일보httpwww
259,국세청 49년 세종시 역사가 시작된다 국세청장 관용차번호 왜 700 이었을까,국세청 업무가 수기에서 전산으로 바뀌는 획기적인 순간이었다 이것은 무엇에 쓰는 물건인고? 수입신고서 세금명 기록이 순조롭게 진행됐다고 평가받았다 조세일보  저작권자  조세일보httpwww
260,국세청 49년 세종시 역사가 시작된다 국세청장 관용차번호 왜 700 이었을까,국세청 업무가 수기에서 전산으로 바뀌는 획기적인 순간이었다 이것은 무엇에 쓰는 물건인고? 수입신고서 세금명 기록이 순조롭게 진행됐다고 평가받았다 조세일보  저작권자  조세일보httpwww
261,국세청 49년 세종시 역사가 시작된다 국세청장 관용차번호 왜 700 이었을까,국세청 업무가 수기에서 전산으로 바뀌는 획기적인 순간이었다 이것은 무엇에 쓰는 물건인고? 수입신고서 세금명 기록이 순조롭게 진행됐다고 평가받았다 조세일보  저작권자  조세일보httpwww
262,국세청 49년 세종시 역사가 시작된다 국세청장 관용차번호 왜 700 이었을까,국세청 업무가 수기에서 전산으로 바뀌는 획기적인 순간이었다 이것은 무엇에 쓰는 물건인고? 수입신고서 세금명 기록이 순조롭게 진행됐다고 평가받았다 조세일보  저작권자  조세일보httpwww
263,국세청 49년 세종시 역사가 시작된다 국세청장 관용차번호 왜 700 이었을까,국세청 업무가 수기에서 전산으로 바뀌는 획기적인 순간이었다 이것은 무엇에 쓰는 물건인고? 수입신고서 세금명 기록이 순조롭게 진행됐다고 평가받았다 조세일보  저작권자  조세일보httpwww
264,국세청 49년 세종시 역사가 시작된다 국세청장 관용차번호 왜 700 이었을까,국세청 업무가 수기에서 전산으로 바뀌는 획기적인 순간이었다 이것은 무엇에 쓰는 물건인고? 수입신고서 세금명 기록이 순조롭게 진행됐다고 평가받았다 조세일보  저작권자  조세일보httpwww
265,국세청 49년 세종시 역사가 시작된다 국세청장 관용차번호 왜 700 이었을까,국세청 업무가 수기에서 전산으로 바뀌는 획기적인 순간이었다 이것은 무엇에 쓰는 물건인고? 수입신고서 세금명 기록이 순조롭게 진행됐다고 평가받았다 조세일보  저작권자  조세일보httpwww
266,국세청 49년 세종시 역사가 시작된다 국세청장 관용차번호 왜 700 이었을까,국세청 업무가 수기에서 전산으로 바뀌는 획기적인 순간이었다 이것은 무엇에 쓰는 물건인고? 수입신고서 세금명 기록이 순조롭게 진행됐다고 평가받았다 조세일보  저작권자  조세일보httpwww
267,국세청 49년 세종시 역사가 시작된다 국세청장 관용차번호 왜 700 이었을까,국세청 업무가 수기에서 전산으로 바뀌는 획기적인 순간이었다 이것은 무엇에 쓰는 물건인고? 수입신고서 세금명 기록이 순조롭게 진행됐다고 평가받았다 조세일보  저작권자  조세일보httpwww
268,국세청 49년 세종시 역사가 시작된다 국세청장 관용차번호 왜 700 이었을까,국세청 업무가 수기에서 전산으로 바뀌는 획기적인 순간이었다 이것은 무엇에 쓰는 물건인고? 수입신고서 세금명 기록이 순조롭게 진행됐다고 평가받았다 조세일보  저작권자  조세일보httpwww
269,국세청 49년 세종시 역사가 시작된다 국세청장 관용차번호 왜 700 이었을까,국세청 업무가 수기에서 전산으로 바뀌는 획기적인 순간이었다 이것은 무엇에 쓰는 물건인고? 수입신고서 세금명 기록이 순조롭게 진행됐다고 평가받았다 조세일보  저작권자  조세일보httpwww
270,국세청 49년 세종시 역사가 시작된다 국세청장 관용차번호 왜 700 이었을까,국세청 업무가 수기에서 전산으로 바뀌는 획기적인 순간이었다 이것은 무엇에 쓰는 물건인고? 수입신고서 세금명 기록이 순조롭게 진행됐다고 평가받았다 조세일보  저작권자  조세일보httpwww
271,국세청 49년 세종시 역사가 시작된다 국세청장 관용차번호 왜 700 이었을까,국세청 업무가 수기에서 전산으로 바뀌는 획기적인 순간이었다 이것은 무엇에 쓰는 물건인고? 수입신고서 세금명 기록이 순조롭게 진행됐다고 평가받았다 조세일보  저작권자  조세일보httpwww
272,국세청 49년 세종시 역사가 시작된다 국세청장 관용차번호 왜 700 이었을까,국세청 업무가 수기에서 전산으로 바뀌는 획기적인 순간이었다 이것은 무엇에 쓰는 물건인고? 수입신고서 세금명 기록이 순조롭게 진행됐다고 평가받았다 조세일보  저작권자  조세일보httpwww
273,국세청 49년 세종시 역사가 시작된다 국세청장 관용차번호 왜 700 이었을까,국세청 업무가 수기에서 전산으로 바뀌는 획기적인 순간이었다 이것은 무엇에 쓰는 물건인고? 수입신고서 세금명 기록이 순조롭게 진행됐다고 평가받았다 조세일보  저작권자  조세일보httpwww
274,국세청 49년 세종시 역사가 시작된다 국세청장 관용차번호 왜 700 이었을까,국세청 업무가 수기에서 전산으로 바뀌는 획기적인 순간이었다 이것은 무엇에 쓰는 물건인고? 수입신고서 세금명 기록이 순조롭게 진행됐다고 평가받았다 조세일보  저작권자  조세일보httpwww
275,국세청 49년 세종시 역사가 시작된다 국세청장 관용차번호 왜 700 이었을까,국세청 업무가 수기에서 전산으로 바뀌는 획기적인 순간이었다 이것은 무엇에 쓰는 물건인고? 수입신고서 세금명 기록이 순조롭게 진행됐다고 평가받았다 조세일보  저작권자  조세일보httpwww
276,국세청 49년 세종시 역사가 시작된다 국세청장 관용차번호 왜 700 이었을까,국세청 업무가 수기에서 전산으로 바뀌는 획기적인 순간이었다 이것은 무엇에 쓰는 물건인고? 수입신고서 세금명 기록이 순조롭게 진행됐다고 평가받았다 조세일보  저작권자  조세일보httpwww
277,국세청 49년 세종시 역사가 시작된다 국세청장 관용차번호 왜 700 이었을까,국세청 업무가 수기에서 전산으로 바뀌는 획기적인 순간이었다 이것은 무엇에 쓰는 물건인고? 수입신고서 세금명 기록이 순조롭게 진행됐다고 평가받았다 조세일보  저작권자  조세일보httpwww
278,국세청 49년 세종시 역사가 시작된다 국세청장 관용차번호 왜 700 이었을까,국세청 업무가 수기에서 전산으로 바뀌는 획기적인 순간이었다 이것은 무엇에 쓰는 물건인고? 수입신고서 세금명 기록이 순조롭게 진행됐다고 평가받았다 조세일보  저작권자  조세일보httpwww
279,국세청 49년 세종시 역사가 시작된다 국세청장 관용차번호 왜 700 이었을까,국세청 업무가 수기에서 전산으로 바뀌는 획기적인 순간이었다 이것은 무엇에 쓰는 물건인고? 수입신고서 세금명 기록이 순조롭게 진행됐다고 평가받았다 조세일보  저작권자  조세일보httpwww
280,국세청 49년 세종시 역사가 시작된다 국세청장 관용차번호 왜 700 이었을까,국세청 업무가 수기에서 전산으로 바뀌는 획기적인 순간이었다 이것은 무엇에 쓰는 물건인고? 수입신고서 세금명 기록이 순조롭게 진행됐다고 평가받았다 조세일보  저작권자  조세일보httpwww
281,국세청 49년 세종시 역사가 시작된다 국세청장 관용차번호 왜 700 이었을까,국세청 업무가 수기에서 전산으로 바뀌는 획기적인 순간이었다 이것은 무엇에 쓰는 물건인고? 수입신고서 세금명 기록이 순조롭게 진행됐다고 평가받았다 조세일보  저작권자  조세일보httpwww
282,국세청 49년 세종시 역사가 시작된다 국세청장 관용차번호 왜 700 이었을까,국세청 업무가 수기에서 전산으로 바뀌는 획기적인 순간이었다 이것은 무엇에 쓰는 물건인고? 수입신고서 세금명 기록이 순조롭게 진행됐다고 평가받았다 조세일보  저작권자  조세일보httpwww
283,국세청 49년 세종시 역사가 시작된다 국세청장 관용차번호 왜 700 이었을까,국세청 업무가 수기에서 전산으로 바뀌는 획기적인 순간이었다 이것은 무엇에 쓰는 물건인고? 수입신고서 세금명 기록이 순조롭게 진행됐다고 평가받았다 조세일보  저작권자  조세일보httpwww
284,국세청 49년 세종시 역사가 시작된다 국세청장 관용차번호 왜 700 이었을까,국세청 업무가 수기에서 전산으로 바뀌는 획기적인 순간이었다 이것은 무엇에 쓰는 물건인고? 수입신고서 세금명 기록이 순조롭게 진행됐다고 평가받았다 조세일보  저작권자  조세일보httpwww
285,국세청 49년 세종시 역사가 시작된다 국세청장 관용차번호 왜 700 이었을까,국세청 업무가 수기에서 전산으로 바뀌는 획기적인 순간이었다 이것은 무엇에 쓰는 물건인고? 수입신고서 세금명 기록이 순조롭게 진행됐다고 평가받았다 조세일보  저작권자  조세일보httpwww
286,국세청 49년 세종시 역사가 시작된다 국세청장 관용차번호 왜 700 이었을까,국세청 업무가 수기에서 전산으로 바뀌는 획기적인 순간이었다 이것은 무엇에 쓰는 물건인고? 수입신고서 세금명 기록이 순조롭게 진행됐다고 평가받았다 조세일보  저작권자  조세일보httpwww
287,국세청 49년 세종시 역사가 시작된다 국세청장 관용차번호 왜 700 이었을까,국세청 업무가 수기에서 전산으로 바뀌는 획기적인 순간이었다 이것은 무엇에 쓰는 물건인고? 수입신고서 세금명 기록이 순조롭게 진행됐다고 평가받았다 조세일보  저작권자  조세일보httpwww
288,국세청 49년 세종시 역사가 시작된다 국세청장 관용차번호 왜 700 이었을까,국세청 업무가 수기에서 전산으로 바뀌는 획기적인 순간이었다 이것은 무엇에 쓰는 물건인고? 수입신고서 세금명 기록이 순조롭게 진행됐다고 평가받았다 조세일보  저작권자  조세일보httpwww
289,국세청 49년 세종시 역사가 시작된다 국세청장 관용차번호 왜 700 이었을까,국세청 업무가 수기에서 전산으로 바뀌는 획기적인 순간이었다 이것은 무엇에 쓰는 물건인고? 수입신고서 세금명 기록이 순조롭게 진행됐다고 평가받았다 조세일보  저작권자  조세일보httpwww
290,국세청 49년 세종시 역사가 시작된다 국세청장 관용차번호 왜 700 이었을까,국세청 업무가 수기에서 전산으로 바뀌는 획기적인 순간이었다 이것은 무엇에 쓰는 물건인고? 수입신고서 세금명 기록이 순조롭게 진행됐다고 평가받았다 조세일보  저작권자  조세일보httpwww
291,국세청 49년 세종시 역사가 시작된다 국세청장 관용차번호 왜 700 이었을까,국세청 업무가 수기에서 전산으로 바뀌는 획기적인 순간이었다 이것은 무엇에 쓰는 물건인고? 수입신고서 세금명 기록이 순조롭게 진행됐다고 평가받았다 조세일보  저작권자  조세일보httpwww
292,국세청 49년 세종시 역사가 시작된다 국세청장 관용차번호 왜 700 이었을까,국세청 업무가 수기에서 전산으로 바뀌는 획기적인 순간이었다 이것은 무엇에 쓰는 물건인고? 수입신고서 세금명 기록이 순조롭게 진행됐다고 평가받았다 조세일보  저작권자  조세일보httpwww
293,국세청 49년 세종시 역사가 시작된다 국세청장 관용차번호 왜 700 이었을까,국세청 업무가 수기에서 전산으로 바뀌는 획기적인 순간이었다 이것은 무엇에 쓰는 물건인고? 수입신고서 세금명 기록이 순조롭게 진행됐다고 평가받았다 조세일보  저작권자  조세일보httpwww
294,국세청 49년 세종시 역사가 시작된다 국세청장 관용차번호 왜 700 이었을까,국세청 업무가 수기에서 전산으로 바뀌는 획기적인 순간이었다 이것은 무엇에 쓰는 물건인고? 수입신고서 세금명 기록이 순조롭게 진행됐다고 평가받았다 조세일보  저작권자  조세일보httpwww
295,국세청 49년 세종시 역사가 시작된다 국세청장 관용차번호 왜 700 이었을까,국세청 업무가 수기에서 전산으로 바뀌는 획기적인 순간이었다 이것은 무엇에 쓰는 물건인고? 수입신고서 세금명 기록이 순조롭게 진행됐다고 평가받았다 조세일보  저작권자  조세일보httpwww
296,국세청 49년 세종시 역사가 시작된다 국세청장 관용차번호 왜 700 이었을까,국세청 업무가 수기에서 전산으로 바뀌는 획기적인 순간이었다 이것은 무엇에 쓰는 물건인고? 수입신고서 세금명 기록이 순조롭게 진행됐다고 평가받았다 조세일보  저작권자  조세일보httpwww
297,국세청 49년 세종시 역사가 시작된다 국세청장 관용차번호 왜 700 이었을까,국세청 업무가 수기에서 전산으로 바뀌는 획기적인 순간이었다 이것은 무엇에 쓰는 물건인고? 수입신고서 세금명 기록이 순조롭게 진행됐다고 평가받았다 조세일보  저작권자  조세일보httpwww
298,국세청 49년 세종시 역사가 시작된다 국세청장 관용차번호 왜 700 이었을까,국세청 업무가 수기에서 전산으로 바뀌는 획기적인 순간이었다 이것은 무엇에 쓰는 물건인고? 수입신고서 세금명 기록이 순조롭게 진행됐다고 평가받았다 조세일보  저작권자  조세일보httpwww
299,국세청 49년 세종시 역사가 시작된다 국세청장 관용차번호 왜 700 이었을까,국세청 업무가 수기에서 전산으로 바뀌는 획기적인 순간이었다 이것은 무엇에 쓰는 물건인고? 수입신고서 세금명 기록이 순조롭게 진행됐다고 평가받았다 조세일보  저작권자  조세일보httpwww
300,국세청 49년 세종시 역사가 시작된다 국세청장 관용차번호 왜 700 이었을까,국세청 업무가 수기에서 전산으로 바뀌는 획기적인 순간이었다 이것은 무엇에 쓰는 물건인고? 수입신고서 세금명 기록이 순조롭게 진행됐다고 평가받았다 조세일보  저작권자  조세일보httpwww
301,국세청 49년 세종시 역사가 시작된다 국세청장 관용차번호 왜 700 이었을까,국세청 업무가 수기에서 전산으로 바뀌는 획기적인 순간이었다 이것은 무엇에 쓰는 물건인고? 수입신고서 세금명 기록이 순조롭게 진행됐다고 평가받았다 조세일보  저작권자  조세일보httpwww
302,국세청 49년 세종시 역사가 시작된다 국세청장 관용차번호 왜 700 이었을까,국세청 업무가 수기에서 전산으로 바뀌는 획기적인 순간이었다 이것은 무엇에 쓰는 물건인고? 수입신고서 세금명 기록이 순조롭게 진행됐다고 평가받았다 조세일보  저작권자  조세일보httpwww
303,국세청 49년 세종시 역사가 시작된다 국세청장 관용차번호 왜 700 이었을까,국세청 업무가 수기에서 전산으로 바뀌는 획기적인 순간이었다 이것은 무엇에 쓰는 물건인고? 수입신고서 세금명 기록이 순조롭게 진행됐다고 평가받았다 조세일보  저작권자  조세일보httpwww
304,국세청 49년 세종시 역사가 시작된다 국세청장 관용차번호 왜 700 이었을까,국세청 업무가 수기에서 전산으로 바뀌는 획기적인 순간이었다 이것은 무엇에 쓰는 물건인고? 수입신고서 세금명 기록이 순조롭게 진행됐다고 평가받았다 조세일보  저작권자  조세일보httpwww
305,국세청 49년 세종시 역사가 시작된다 국세청장 관용차번호 왜 700 이었을까,국세청 업무가 수기에서 전산으로 바뀌는 획기적인 순간이었다 이것은 무엇에 쓰는 물건인고? 수입신고서 세금명 기록이 순조롭게 진행됐다고 평가받았다 조세일보  저작권자  조세일보httpwww
306,국세청 49년 세종시 역사가 시작된다 국세청장 관용차번호 왜 700 이었을까,국세청 업무가 수기에서 전산으로 바뀌는 획기적인 순간이었다 이것은 무엇에 쓰는 물건인고? 수입신고서 세금명 기록이 순조롭게 진행됐다고 평가받았다 조세일보  저작권자  조세일보httpwww
307,국세청 49년 세종시 역사가 시작된다 국세청장 관용차번호 왜 700 이었을까,국세청 업무가 수기에서 전산으로 바뀌는 획기적인 순간이었다 이것은 무엇에 쓰는 물건인고? 수입신고서 세금명 기록이 순조롭게 진행됐다고 평가받았다 조세일보  저작권자  조세일보httpwww
308,국세청 49년 세종시 역사가 시작된다 국세청장 관용차번호 왜 700 이었을까,국세청 업무가 수기에서 전산으로 바뀌는 획기적인 순간이었다 이것은 무엇에 쓰는 물건인고? 수입신고서 세금명 기록이 순조롭게 진행됐다고 평가받았다 조세일보  저작권자  조세일보httpwww
309,국세청 49년 세종시 역사가 시작된다 국세청장 관용차번호 왜 700 이었을까,국세청 업무가 수기에서 전산으로 바뀌는 획기적인 순간이었다 이것은 무엇에 쓰는 물건인고? 수입신고서 세금명 기록이 순조롭게 진행됐다고 평가받았다 조세일보  저작권자  조세일보httpwww
310,국세청 49년 세종시 역사가 시작된다 국세청장 관용차번호 왜 700 이었을까,국세청 업무가 수기에서 전산으로 바뀌는 획기적인 순간이었다 이것은 무엇에 쓰는 물건인고? 수입신고서 세금명 기록이 순조롭게 진행됐다고 평가받았다 조세일보  저작권자  조세일보httpwww
311,국세청 49년 세종시 역사가 시작된다 국세청장 관용차번호 왜 700 이었을까,국세청 업무가 수기에서 전산으로 바뀌는 획기적인 순간이었다 이것은 무엇에 쓰는 물건인고? 수입신고서 세금명 기록이 순조롭게 진행됐다고 평가받았다 조세일보  저작권자  조세일보httpwww
312,국세청 49년 세종시 역사가 시작된다 국세청장 관용차번호 왜 700 이었을까,국세청 업무가 수기에서 전산으로 바뀌는 획기적인 순간이었다 이것은 무엇에 쓰는 물건인고? 수입신고서 세금명 기록이 순조롭게 진행됐다고 평가받았다 조세일보  저작권자  조세일보httpwww
313,국세청 49년 세종시 역사가 시작된다 국세청장 관용차번호 왜 700 이었을까,국세청 업무가 수기에서 전산으로 바뀌는 획기적인 순간이었다 이것은 무엇에 쓰는 물건인고? 수입신고서 세금명 기록이 순조롭게 진행됐다고 평가받았다 조세일보  저작권자  조세일보httpwww
314,국세청 49년 세종시 역사가 시작된다 국세청장 관용차번호 왜 700 이었을까,국세청 업무가 수기에서 전산으로 바뀌는 획기적인 순간이었다 이것은 무엇에 쓰는 물건인고? 수입신고서 세금명 기록이 순조롭게 진행됐다고 평가받았다 조세일보  저작권자  조세일보httpwww
315,국세청 49년 세종시 역사가 시작된다 국세청장 관용차번호 왜 700 이었을까,국세청 업무가 수기에서 전산으로 바뀌는 획기적인 순간이었다 이것은 무엇에 쓰는 물건인고? 수입신고서 세금명 기록이 순조롭게 진행됐다고 평가받았다 조세일보  저작권자  조세일보httpwww
316,국세청 49년 세종시 역사가 시작된다 국세청장 관용차번호 왜 700 이었을까,국세청 업무가 수기에서 전산으로 바뀌는 획기적인 순간이었다 이것은 무엇에 쓰는 물건인고? 수입신고서 세금명 기록이 순조롭게 진행됐다고 평가받았다 조세일보  저작권자  조세일보httpwww
317,국세청 49년 세종시 역사가 시작된다 국세청장 관용차번호 왜 700 이었을까,국세청 업무가 수기에서 전산으로 바뀌는 획기적인 순간이었다 이것은 무엇에 쓰는 물건인고? 수입신고서 세금명 기록이 순조롭게 진행됐다고 평가받았다 조세일보  저작권자  조세일보httpwww
318,국세청 49년 세종시 역사가 시작된다 국세청장 관용차번호 왜 700 이었을까,국세청 업무가 수기에서 전산으로 바뀌는 획기적인 순간이었다 이것은 무엇에 쓰는 물건인고? 수입신고서 세금명 기록이 순조롭게 진행됐다고 평가받았다 조세일보  저작권자  조세일보httpwww
319,국세청 49년 세종시 역사가 시작된다 국세청장 관용차번호 왜 700 이었을까,국세청 업무가 수기에서 전산으로 바뀌는 획기적인 순간이었다 이것은 무엇에 쓰는 물건인고? 수입신고서 세금명 기록이 순조롭게 진행됐다고 평가받았다 조세일보  저작권자  조세일보httpwww
320,국세청 49년 세종시 역사가 시작된다 국세청장 관용차번호 왜 700 이었을까,국세청 업무가 수기에서 전산으로 바뀌는 획기적인 순간이었다 이것은 무엇에 쓰는 물건인고? 수입신고서 세금명 기록이 순조롭게 진행됐다고 평가받았다 조세일보  저작권자  조세일보httpwww
321,국세청 49년 세종시 역사가 시작된다 국세청장 관용차번호 왜 700 이었을까,국세청 업무가 수기에서 전산으로 바뀌는 획기적인 순간이었다 이것은 무엇에 쓰는 물건인고? 수입신고서 세금명 기록이 순조롭게 진행됐다고 평가받았다 조세일보  저작권자  조세일보httpwww
322,국세청 49년 세종시 역사가 시작된다 국세청장 관용차번호 왜 700 이었을까,국세청 업무가 수기에서 전산으로 바뀌는 획기적인 순간이었다 이것은 무엇에 쓰는 물건인고? 수입신고서 세금명 기록이 순조롭게 진행됐다고 평가받았다 조세일보  저작권자  조세일보httpwww
323,국세청 49년 세종시 역사가 시작된다 국세청장 관용차번호 왜 700 이었을까,국세청 업무가 수기에서 전산으로 바뀌는 획기적인 순간이었다 이것은 무엇에 쓰는 물건인고? 수입신고서 세금명 기록이 순조롭게 진행됐다고 평가받았다 조세일보  저작권자  조세일보httpwww
324,국세청 49년 세종시 역사가 시작된다 국세청장 관용차번호 왜 700 이었을까,국세청 업무가 수기에서 전산으로 바뀌는 획기적인 순간이었다 이것은 무엇에 쓰는 물건인고? 수입신고서 세금명 기록이 순조롭게 진행됐다고 평가받았다 조세일보  저작권자  조세일보httpwww
325,국세청 49년 세종시 역사가 시작된다 국세청장 관용차번호 왜 700 이었을까,국세청 업무가 수기에서 전산으로 바뀌는 획기적인 순간이었다 이것은 무엇에 쓰는 물건인고? 수입신고서 세금명 기록이 순조롭게 진행됐다고 평가받았다 조세일보  저작권자  조세일보httpwww
326,국세청 49년 세종시 역사가 시작된다 국세청장 관용차번호 왜 700 이었을까,국세청 업무가 수기에서 전산으로 바뀌는 획기적인 순간이었다 이것은 무엇에 쓰는 물건인고? 수입신고서 세금명 기록이 순조롭게 진행됐다고 평가받았다 조세일보  저작권자  조세일보httpwww
327,국세청 49년 세종시 역사가 시작된다 국세청장 관용차번호 왜 700 이었을까,국세청 업무가 수기에서 전산으로 바뀌는 획기적인 순간이었다 이것은 무엇에 쓰는 물건인고? 수입신고서 세금명 기록이 순조롭게 진행됐다고 평가받았다 조세일보  저작권자  조세일보httpwww
328,국세청 49년 세종시 역사가 시작된다 국세청장 관용차번호 왜 700 이었을까,국세청 업무가 수기에서 전산으로 바뀌는 획기적인 순간이었다 이것은 무엇에 쓰는 물건인고? 수입신고서 세금명 기록이 순조롭게 진행됐다고 평가받았다 조세일보  저작권자  조세일보httpwww
329,국세청 49년 세종시 역사가 시작된다 국세청장 관용차번호 왜 700 이었을까,국세청 업무가 수기에서 전산으로 바뀌는 획기적인 순간이었다 이것은 무엇에 쓰는 물건인고? 수입신고서 세금명 기록이 순조롭게 진행됐다고 평가받았다 조세일보  저작권자  조세일보httpwww
330,국세청 49년 세종시 역사가 시작된다 국세청장 관용차번호 왜 700 이었을까,국세청 업무가 수기에서 전산으로 바뀌는 획기적인 순간이었다 이것은 무엇에 쓰는 물건인고? 수입신고서 세금명 기록이 순조롭게 진행됐다고 평가받았다 조세일보  저작권자  조세일보httpwww
331,국세청 49년 세종시 역사가 시작된다 국세청장 관용차번호 왜 700 이었을까,국세청 업무가 수기에서 전산으로 바뀌는 획기적인 순간이었다 이것은 무엇에 쓰는 물건인고? 수입신고서 세금명 기록이 순조롭게 진행됐다고 평가받았다 조세일보  저작권자  조세일보httpwww
332,국세청 49년 세종시 역사가 시작된다 국세청장 관용차번호 왜 700 이었을까,국세청 업무가 수기에서 전산으로 바뀌는 획기적인 순간이었다 이것은 무엇에 쓰는 물건인고? 수입신고서 세금명 기록이 순조롭게 진행됐다고 평가받았다 조세일보  저작권자  조세일보httpwww
333,국세청 49년 세종시 역사가 시작된다 국세청장 관용차번호 왜 700 이었을까,국세청 업무가 수기에서 전산으로 바뀌는 획기적인 순간이었다 이것은 무엇에 쓰는 물건인고? 수입신고서 세금명 기록이 순조롭게 진행됐다고 평가받았다 조세일보  저작권자  조세일보httpwww
334,국세청 49년 세종시 역사가 시작된다 국세청장 관용차번호 왜 700 이었을까,국세청 업무가 수기에서 전산으로 바뀌는 획기적인 순간이었다 이것은 무엇에 쓰는 물건인고? 수입신고서 세금명 기록이 순조롭게 진행됐다고 평가받았다 조세일보  저작권자  조세일보httpwww
335,국세청 49년 세종시 역사가 시작된다 국세청장 관용차번호 왜 700 이었을까,국세청 업무가 수기에서 전산으로 바뀌는 획기적인 순간이었다 이것은 무엇에 쓰는 물건인고? 수입신고서 세금명 기록이 순조롭게 진행됐다고 평가받았다 조세일보  저작권자  조세일보httpwww
336,국세청 49년 세종시 역사가 시작된다 국세청장 관용차번호 왜 700 이었을까,국세청 업무가 수기에서 전산으로 바뀌는 획기적인 순간이었다 이것은 무엇에 쓰는 물건인고? 수입신고서 세금명 기록이 순조롭게 진행됐다고 평가받았다 조세일보  저작권자  조세일보httpwww
337,국세청 49년 세종시 역사가 시작된다 국세청장 관용차번호 왜 700 이었을까,국세청 업무가 수기에서 전산으로 바뀌는 획기적인 순간이었다 이것은 무엇에 쓰는 물건인고? 수입신고서 세금명 기록이 순조롭게 진행됐다고 평가받았다 조세일보  저작권자  조세일보httpwww
338,국세청 49년 세종시 역사가 시작된다 국세청장 관용차번호 왜 700 이었을까,국세청 업무가 수기에서 전산으로 바뀌는 획기적인 순간이었다 이것은 무엇에 쓰는 물건인고? 수입신고서 세금명 기록이 순조롭게 진행됐다고 평가받았다 조세일보  저작권자  조세일보httpwww
339,국세청 49년 세종시 역사가 시작된다 국세청장 관용차번호 왜 700 이었을까,국세청 업무가 수기에서 전산으로 바뀌는 획기적인 순간이었다 이것은 무엇에 쓰는 물건인고? 수입신고서 세금명 기록이 순조롭게 진행됐다고 평가받았다 조세일보  저작권자  조세일보httpwww
340,국세청 49년 세종시 역사가 시작된다 국세청장 관용차번호 왜 700 이었을까,국세청 업무가 수기에서 전산으로 바뀌는 획기적인 순간이었다 이것은 무엇에 쓰는 물건인고? 수입신고서 세금명 기록이 순조롭게 진행됐다고 평가받았다 조세일보  저작권자  조세일보httpwww
341,국세청 49년 세종시 역사가 시작된다 국세청장 관용차번호 왜 700 이었을까,국세청 업무가 수기에서 전산으로 바뀌는 획기적인 순간이었다 이것은 무엇에 쓰는 물건인고? 수입신고서 세금명 기록이 순조롭게 진행됐다고 평가받았다 조세일보  저작권자  조세일보httpwww
342,국세청 49년 세종시 역사가 시작된다 국세청장 관용차번호 왜 700 이었을까,국세청 업무가 수기에서 전산으로 바뀌는 획기적인 순간이었다 이것은 무엇에 쓰는 물건인고? 수입신고서 세금명 기록이 순조롭게 진행됐다고 평가받았다 조세일보  저작권자  조세일보httpwww
343,국세청 49년 세종시 역사가 시작된다 국세청장 관용차번호 왜 700 이었을까,국세청 업무가 수기에서 전산으로 바뀌는 획기적인 순간이었다 이것은 무엇에 쓰는 물건인고? 수입신고서 세금명 기록이 순조롭게 진행됐다고 평가받았다 조세일보  저작권자  조세일보httpwww
344,국세청 49년 세종시 역사가 시작된다 국세청장 관용차번호 왜 700 이었을까,국세청 업무가 수기에서 전산으로 바뀌는 획기적인 순간이었다 이것은 무엇에 쓰는 물건인고? 수입신고서 세금명 기록이 순조롭게 진행됐다고 평가받았다 조세일보  저작권자  조세일보httpwww
345,국세청 49년 세종시 역사가 시작된다 국세청장 관용차번호 왜 700 이었을까,국세청 업무가 수기에서 전산으로 바뀌는 획기적인 순간이었다 이것은 무엇에 쓰는 물건인고? 수입신고서 세금명 기록이 순조롭게 진행됐다고 평가받았다 조세일보  저작권자  조세일보httpwww
346,국세청 49년 세종시 역사가 시작된다 국세청장 관용차번호 왜 700 이었을까,국세청 업무가 수기에서 전산으로 바뀌는 획기적인 순간이었다 이것은 무엇에 쓰는 물건인고? 수입신고서 세금명 기록이 순조롭게 진행됐다고 평가받았다 조세일보  저작권자  조세일보httpwww
347,국세청 49년 세종시 역사가 시작된다 국세청장 관용차번호 왜 700 이었을까,국세청 업무가 수기에서 전산으로 바뀌는 획기적인 순간이었다 이것은 무엇에 쓰는 물건인고? 수입신고서 세금명 기록이 순조롭게 진행됐다고 평가받았다 조세일보  저작권자  조세일보httpwww
348,국세청 49년 세종시 역사가 시작된다 국세청장 관용차번호 왜 700 이었을까,국세청 업무가 수기에서 전산으로 바뀌는 획기적인 순간이었다 이것은 무엇에 쓰는 물건인고? 수입신고서 세금명 기록이 순조롭게 진행됐다고 평가받았다 조세일보  저작권자  조세일보httpwww
349,국세청 49년 세종시 역사가 시작된다 국세청장 관용차번호 왜 700 이었을까,국세청 업무가 수기에서 전산으로 바뀌는 획기적인 순간이었다 이것은 무엇에 쓰는 물건인고? 수입신고서 세금명 기록이 순조롭게 진행됐다고 평가받았다 조세일보  저작권자  조세일보httpwww
350,국세청 49년 세종시 역사가 시작된다 국세청장 관용차번호 왜 700 이었을까,국세청 업무가 수기에서 전산으로 바뀌는 획기적인 순간이었다 이것은 무엇에 쓰는 물건인고? 수입신고서 세금명 기록이 순조롭게 진행됐다고 평가받았다 조세일보  저작권자  조세일보httpwww
351,국세청 49년 세종시 역사가 시작된다 국세청장 관용차번호 왜 700 이었을까,국세청 업무가 수기에서 전산으로 바뀌는 획기적인 순간이었다 이것은 무엇에 쓰는 물건인고? 수입신고서 세금명 기록이 순조롭게 진행됐다고 평가받았다 조세일보  저작권자  조세일보httpwww
352,국세청 49년 세종시 역사가 시작된다 국세청장 관용차번호 왜 700 이었을까,국세청 업무가 수기에서 전산으로 바뀌는 획기적인 순간이었다 이것은 무엇에 쓰는 물건인고? 수입신고서 세금명 기록이 순조롭게 진행됐다고 평가받았다 조세일보  저작권자  조세일보httpwww
